-- MySQL dump 10.13  Distrib 5.7.28, for Linux (x86_64)
--
-- Host: localhost    Database: acerosoc_acerosocotlan_iso9000
-- ------------------------------------------------------
-- Server version	5.7.28

/*!40101 SET @OLD_CHARACTER_SET_CLIENT=@@CHARACTER_SET_CLIENT */;
/*!40101 SET @OLD_CHARACTER_SET_RESULTS=@@CHARACTER_SET_RESULTS */;
/*!40101 SET @OLD_COLLATION_CONNECTION=@@COLLATION_CONNECTION */;
/*!40101 SET NAMES utf8mb4 */;
/*!40103 SET @OLD_TIME_ZONE=@@TIME_ZONE */;
/*!40103 SET TIME_ZONE='+00:00' */;
/*!40014 SET @OLD_UNIQUE_CHECKS=@@UNIQUE_CHECKS, UNIQUE_CHECKS=0 */;
/*!40014 SET @OLD_FOREIGN_KEY_CHECKS=@@FOREIGN_KEY_CHECKS, FOREIGN_KEY_CHECKS=0 */;
/*!40101 SET @OLD_SQL_MODE=@@SQL_MODE, SQL_MODE='NO_AUTO_VALUE_ON_ZERO' */;
/*!40111 SET @OLD_SQL_NOTES=@@SQL_NOTES, SQL_NOTES=0 */;

--
-- Table structure for table `claves`
--

DROP TABLE IF EXISTS `claves`;
/*!40101 SET @saved_cs_client     = @@character_set_client */;
/*!40101 SET character_set_client = utf8 */;
CREATE TABLE `claves` (
  `cve_pin` int(11) NOT NULL AUTO_INCREMENT,
  `cve_encuesta` varchar(10) NOT NULL,
  `pin` varchar(10) NOT NULL,
  `nombre` varchar(100) DEFAULT '-',
  `sucursal` varchar(50) NOT NULL,
  `fecha` date DEFAULT '0000-00-00',
  `hora` time DEFAULT '00:00:00',
  `ultimoacceso` datetime DEFAULT NULL,
  `estatus` enum('INCOMPLETA','COMPLETA','NOACTIVA','INICIADA','TERMINADA','BAJA') DEFAULT 'INCOMPLETA',
  `activo` tinyint(1) DEFAULT '1',
  `puesto` varchar(200) DEFAULT '-',
  `coordinador` varchar(150) DEFAULT '-',
  PRIMARY KEY (`cve_pin`),
  UNIQUE KEY `pin` (`pin`),
  KEY `Clave_encuesta` (`cve_encuesta`),
  CONSTRAINT `Clave_encuesta` FOREIGN KEY (`cve_encuesta`) REFERENCES `encuesta` (`cve_encuesta`) ON UPDATE CASCADE
) ENGINE=InnoDB AUTO_INCREMENT=960 DEFAULT CHARSET=latin1;
/*!40101 SET character_set_client = @saved_cs_client */;

--
-- Dumping data for table `claves`
--

LOCK TABLES `claves` WRITE;
/*!40000 ALTER TABLE `claves` DISABLE KEYS */;
INSERT INTO `claves` (`cve_pin`, `cve_encuesta`, `pin`, `nombre`, `sucursal`, `fecha`, `hora`, `ultimoacceso`, `estatus`, `activo`, `puesto`, `coordinador`) VALUES (1,'ENC2019','AYO0001','-','AYOTLAN','0000-00-00','00:00:00','2018-03-26 19:28:58','TERMINADA',1,'-','Janet Quintana'),(2,'ENC2019','AYO0002','-','AYOTLAN','0000-00-00','00:00:00','2018-03-26 19:54:53','TERMINADA',1,'-','Janet Quintana'),(3,'ENC2019','AYO0003','-','AYOTLAN','0000-00-00','00:00:00','2018-03-21 17:41:20','TERMINADA',1,'-','Janet Quintana'),(4,'ENC2019','AYO0004','-','AYOTLAN','0000-00-00','00:00:00','2018-03-22 09:01:03','TERMINADA',1,'-','Janet Quintana'),(5,'ENC2019','AYO0005','-','AYOTLAN','0000-00-00','00:00:00','2018-03-23 09:13:16','TERMINADA',1,'-','Janet Quintana'),(6,'ENC2019','AYO0006','-','AYOTLAN','0000-00-00','00:00:00','2018-03-26 18:34:27','INICIADA',0,'-','Janet Quintana'),(7,'ENC2019','AYO0007','-','AYOTLAN','0000-00-00','00:00:00','2018-03-26 18:13:26','TERMINADA',1,'-','Janet Quintana'),(8,'ENC2019','AYO0008','-','AYOTLAN','0000-00-00','00:00:00','2018-03-26 17:42:31','TERMINADA',1,'-','Janet Quintana'),(9,'ENC2019','AYO0009','-','AYOTLAN','0000-00-00','00:00:00','2018-03-14 17:32:35','TERMINADA',1,'-','Janet Quintana'),(10,'ENC2019','AYO0010','-','AYOTLAN','0000-00-00','00:00:00','2018-03-21 11:33:09','TERMINADA',1,'-','Janet Quintana'),(11,'ENC2019','AYO0011','-','AYOTLAN','0000-00-00','00:00:00','2018-03-15 09:03:07','TERMINADA',1,'-','Janet Quintana'),(12,'ENC2019','DEG0012','-','DEGOLLADO','0000-00-00','00:00:00','2018-03-26 17:45:47','TERMINADA',1,'-','Janet Quintana'),(13,'ENC2019','DEG0013','-','DEGOLLADO','0000-00-00','00:00:00','2018-03-26 11:50:31','TERMINADA',1,'-','Janet Quintana'),(14,'ENC2019','DEG0014','-','DEGOLLADO','0000-00-00','00:00:00','2018-03-26 18:43:48','TERMINADA',1,'-','Janet Quintana'),(15,'ENC2019','DEG0015','-','DEGOLLADO','0000-00-00','00:00:00','2018-03-14 09:47:19','TERMINADA',1,'-','Janet Quintana'),(16,'ENC2019','DEG0016','-','DEGOLLADO','0000-00-00','00:00:00','2018-03-26 13:28:56','TERMINADA',1,'-','Janet Quintana'),(17,'ENC2019','DEG0017','-','DEGOLLADO','0000-00-00','00:00:00','2018-03-26 11:56:09','TERMINADA',1,'-','Janet Quintana'),(18,'ENC2019','TEP0018','-','TEPA','0000-00-00','00:00:00','2018-03-27 16:18:30','TERMINADA',1,'-','Janet Quintana'),(19,'ENC2019','TEP0019','-','TEPA','0000-00-00','00:00:00','2018-03-22 14:29:39','TERMINADA',1,'-','Janet Quintana'),(20,'ENC2019','TEP0020','-','TEPA','0000-00-00','00:00:00','2018-03-27 17:16:10','TERMINADA',1,'-','Janet Quintana'),(21,'ENC2019','TEP0021','-','TEPA','0000-00-00','00:00:00','2018-03-27 18:15:49','TERMINADA',1,'-','Janet Quintana'),(22,'ENC2019','TEP0022','-','TEPA','0000-00-00','00:00:00','2018-03-21 13:09:16','TERMINADA',1,'-','Janet Quintana'),(23,'ENC2019','TEP0023','-','TEPA','0000-00-00','00:00:00','2018-03-27 18:47:23','TERMINADA',1,'-','Janet Quintana'),(24,'ENC2019','TEP0024','-','TEPA','0000-00-00','00:00:00','2018-03-27 19:04:11','TERMINADA',1,'-','Janet Quintana'),(25,'ENC2019','TEP0025','-','TEPA','0000-00-00','00:00:00','2018-03-28 12:57:11','TERMINADA',1,'-','Janet Quintana'),(26,'ENC2019','TEP0026','-','TEPA','0000-00-00','00:00:00','2018-03-28 09:46:33','TERMINADA',1,'-','Janet Quintana'),(27,'ENC2019','TEP0027','-','TEPA','0000-00-00','00:00:00','2018-03-26 15:43:09','TERMINADA',1,'-','Janet Quintana'),(28,'ENC2019','TEP0028','-','TEPA','0000-00-00','00:00:00','2018-03-28 11:10:44','TERMINADA',1,'-','Janet Quintana'),(29,'ENC2019','TEP0029','-','TEPA','0000-00-00','00:00:00','2018-04-03 15:07:19','TERMINADA',1,'-','Janet Quintana'),(30,'ENC2019','TEP0030','-','TEPA','0000-00-00','00:00:00','2018-03-28 11:52:25','TERMINADA',1,'-','Janet Quintana'),(31,'ENC2019','TEP0031','-','TEPA','0000-00-00','00:00:00','2018-03-28 12:26:26','TERMINADA',1,'-','Janet Quintana'),(32,'ENC2019','TEP0032','-','TEPA','0000-00-00','00:00:00','2019-01-23 17:22:21','INICIADA',1,'-','Janet Quintana'),(33,'ENC2019','TEP0033','-','TEPA','0000-00-00','00:00:00','2018-03-28 12:28:43','TERMINADA',1,'-','Janet Quintana'),(34,'ENC2019','TEP0034','-','TEPA','0000-00-00','00:00:00','2018-03-23 18:08:43','TERMINADA',1,'-','Janet Quintana'),(35,'ENC2019','TEP0035','-','TEPA','0000-00-00','00:00:00','2018-03-26 11:09:05','TERMINADA',1,'-','Janet Quintana'),(36,'ENC2019','TEP0036','-','TEPA','0000-00-00','00:00:00','2018-03-28 19:21:17','TERMINADA',1,'-','Janet Quintana'),(37,'ENC2019','TEP0037','-','TEPA','0000-00-00','00:00:00','2018-03-28 12:55:55','TERMINADA',1,'-','Janet Quintana'),(38,'ENC2019','TEP0038','-','TEPA','0000-00-00','00:00:00',NULL,'INCOMPLETA',1,'-','Janet Quintana'),(39,'ENC2019','ALT0039','-','ALTOS MATRIZ','0000-00-00','00:00:00','2018-03-14 16:50:55','TERMINADA',1,'-','Janet Quintana'),(40,'ENC2019','ALT0040','-','ALTOS MATRIZ','0000-00-00','00:00:00','2018-03-13 19:24:39','TERMINADA',1,'-','Janet Quintana'),(41,'ENC2019','ALT0041','-','ALTOS MATRIZ','0000-00-00','00:00:00','2018-03-14 16:29:13','TERMINADA',1,'-','Janet Quintana'),(42,'ENC2019','ALT0042','-','ALTOS MATRIZ','0000-00-00','00:00:00','2018-03-22 18:39:45','TERMINADA',1,'-','Janet Quintana'),(43,'ENC2019','ALT0043','-','ALTOS MATRIZ','0000-00-00','00:00:00','2018-03-26 10:17:43','TERMINADA',1,'-','Janet Quintana'),(44,'ENC2019','ALT0044','-','ALTOS MATRIZ','0000-00-00','00:00:00','2018-03-14 16:13:59','TERMINADA',1,'-','Janet Quintana'),(45,'ENC2019','ALT0045','-','ALTOS MATRIZ','0000-00-00','00:00:00','2018-03-14 10:34:33','TERMINADA',1,'-','Janet Quintana'),(46,'ENC2019','ALT0046','-','ALTOS MATRIZ','0000-00-00','00:00:00','2018-03-26 18:39:54','TERMINADA',1,'-','Janet Quintana'),(47,'ENC2019','ALT0047','-','ALTOS MATRIZ','0000-00-00','00:00:00','2018-03-22 16:43:39','TERMINADA',1,'-','Janet Quintana'),(48,'ENC2019','JES0048','-','JESUS MARIA','0000-00-00','00:00:00','2018-03-26 10:36:38','TERMINADA',1,'-','Janet Quintana'),(49,'ENC2019','JES0049','-','JESUS MARIA','0000-00-00','00:00:00','2018-03-26 11:55:50','TERMINADA',1,'-','Janet Quintana'),(50,'ENC2019','JES0050','-','JESUS MARIA','0000-00-00','00:00:00','2018-03-26 12:31:24','TERMINADA',1,'-','Janet Quintana'),(51,'ENC2019','JES0051','-','JESUS MARIA','0000-00-00','00:00:00','2018-03-26 18:20:05','TERMINADA',1,'-','Janet Quintana'),(52,'ENC2019','JES0052','-','JESUS MARIA','0000-00-00','00:00:00','2018-03-15 12:43:08','TERMINADA',1,'-','Janet Quintana'),(53,'ENC2019','JES0053','-','JESUS MARIA','0000-00-00','00:00:00','2018-03-26 18:01:05','TERMINADA',1,'-','Janet Quintana'),(54,'ENC2019','JES0054','-','JESUS MARIA','0000-00-00','00:00:00',NULL,'INCOMPLETA',1,'-','Janet Quintana'),(55,'ENC2019','SAN0055','-','SAN FRANCISCO','0000-00-00','00:00:00','2018-03-15 10:50:30','TERMINADA',1,'-','Janet Quintana'),(56,'ENC2019','SAN0056','-','SAN FRANCISCO','0000-00-00','00:00:00','2018-03-14 12:10:14','TERMINADA',1,'-','Janet Quintana'),(57,'ENC2019','SAN0057','-','SAN FRANCISCO','0000-00-00','00:00:00','2018-03-14 16:21:09','TERMINADA',1,'-','Janet Quintana'),(58,'ENC2019','SAN0058','-','SAN FRANCISCO','0000-00-00','00:00:00','2018-03-14 09:41:08','TERMINADA',1,'-','Janet Quintana'),(59,'ENC2019','SAN0059','-','SAN FRANCISCO','0000-00-00','00:00:00','2018-03-22 14:18:36','TERMINADA',1,'-','Janet Quintana'),(60,'ENC2019','SAN0060','-','SAN FRANCISCO','0000-00-00','00:00:00','2018-03-26 11:48:58','INICIADA',0,'-','Janet Quintana'),(61,'ENC2019','ALT0061','-','ALTOS ARANDAS','0000-00-00','00:00:00','2018-03-23 14:58:05','TERMINADA',1,'-','Janet Quintana'),(62,'ENC2019','ALT0062','-','ALTOS ARANDAS','0000-00-00','00:00:00','2018-03-23 13:55:53','TERMINADA',1,'-','Janet Quintana'),(63,'ENC2019','ALT0063','-','ALTOS ARANDAS','0000-00-00','00:00:00','2018-03-14 10:48:12','TERMINADA',1,'-','Janet Quintana'),(64,'ENC2019','ALT0064','-','ALTOS ARANDAS','0000-00-00','00:00:00','2018-03-15 18:02:37','TERMINADA',1,'-','Janet Quintana'),(65,'ENC2019','ARA0065','-','ARANDAS','0000-00-00','00:00:00',NULL,'INCOMPLETA',1,'-','Janet Quintana'),(66,'ENC2019','ARA0066','-','ARANDAS','0000-00-00','00:00:00','2018-03-26 15:47:28','TERMINADA',1,'-','Janet Quintana'),(67,'ENC2019','ARA0067','-','ARANDAS','0000-00-00','00:00:00','2018-03-22 19:04:18','TERMINADA',1,'-','Janet Quintana'),(68,'ENC2019','ARA0068','-','ARANDAS','0000-00-00','00:00:00','2018-03-26 17:52:11','TERMINADA',1,'-','Janet Quintana'),(69,'ENC2019','ARA0069','-','ARANDAS','0000-00-00','00:00:00',NULL,'INCOMPLETA',1,'-','Janet Quintana'),(70,'ENC2019','ARA0070','-','ARANDAS','0000-00-00','00:00:00','2018-03-27 09:00:04','TERMINADA',1,'-','Janet Quintana'),(71,'ENC2019','ARA0071','-','ARANDAS','0000-00-00','00:00:00','2018-04-02 18:08:06','TERMINADA',1,'-','Janet Quintana'),(72,'ENC2019','ARA0072','-','ARANDAS','0000-00-00','00:00:00','2018-03-26 18:25:27','TERMINADA',1,'-','Janet Quintana'),(73,'ENC2019','ARA0073','-','ARANDAS','0000-00-00','00:00:00',NULL,'INCOMPLETA',1,'-','Janet Quintana'),(74,'ENC2019','ARA0074','-','ARANDAS','0000-00-00','00:00:00',NULL,'INCOMPLETA',1,'-','Janet Quintana'),(75,'ENC2019','ARA0075','-','ARANDAS','0000-00-00','00:00:00',NULL,'INCOMPLETA',1,'-','Janet Quintana'),(76,'ENC2019','ARA0076','-','ARANDAS','0000-00-00','00:00:00','2018-04-02 12:30:56','TERMINADA',1,'-','Janet Quintana'),(77,'ENC2019','ARA0077','-','ARANDAS','0000-00-00','00:00:00','2018-03-22 15:22:18','TERMINADA',1,'-','Janet Quintana'),(78,'ENC2019','ARA0078','-','ARANDAS','0000-00-00','00:00:00','2018-04-02 13:06:26','TERMINADA',1,'-','Janet Quintana'),(79,'ENC2019','ARA0079','-','ARANDAS','0000-00-00','00:00:00','2018-04-02 14:01:14','TERMINADA',1,'-','Janet Quintana'),(80,'ENC2019','ARA0080','-','ARANDAS','0000-00-00','00:00:00','2018-03-28 12:31:25','TERMINADA',1,'-','Janet Quintana'),(81,'ENC2019','ARA0081','-','ARANDAS','0000-00-00','00:00:00','2018-03-28 10:46:03','TERMINADA',1,'-','Janet Quintana'),(82,'ENC2019','ARA0082','-','ARANDAS','0000-00-00','00:00:00',NULL,'INCOMPLETA',1,'-','Janet Quintana'),(83,'ENC2019','ZAP0083','-','ZAPOTLANEJO','0000-00-00','00:00:00','2018-03-23 13:44:52','TERMINADA',1,'-','Janet Quintana'),(84,'ENC2019','ZAP0084','-','ZAPOTLANEJO','0000-00-00','00:00:00','2018-03-26 09:50:55','TERMINADA',1,'-','Janet Quintana'),(85,'ENC2019','ZAP0085','-','ZAPOTLANEJO','0000-00-00','00:00:00','2018-03-26 11:56:28','TERMINADA',1,'-','Janet Quintana'),(86,'ENC2019','ZAP0086','-','ZAPOTLANEJO','0000-00-00','00:00:00','2018-03-22 18:33:08','TERMINADA',1,'-','Janet Quintana'),(87,'ENC2019','ZAP0087','-','ZAPOTLANEJO','0000-00-00','00:00:00','2018-03-23 13:36:00','TERMINADA',1,'-','Janet Quintana'),(88,'ENC2019','ZAP0088','-','ZAPOTLANEJO','0000-00-00','00:00:00','2018-03-23 13:35:40','TERMINADA',1,'-','Janet Quintana'),(89,'ENC2019','EL 0089','-','EL 14','0000-00-00','00:00:00','2018-03-14 16:31:18','TERMINADA',1,'-','Janet Quintana'),(90,'ENC2019','EL 0090','-','EL 14','0000-00-00','00:00:00','2018-03-23 16:54:19','TERMINADA',1,'-','Janet Quintana'),(91,'ENC2019','EL 0091','-','EL 14','0000-00-00','00:00:00','2018-03-23 12:22:47','TERMINADA',1,'-','Janet Quintana'),(92,'ENC2019','EL 0092','-','EL 14','0000-00-00','00:00:00','2018-03-21 17:03:46','TERMINADA',1,'-','Janet Quintana'),(93,'ENC2019','EL 0093','-','EL 14','0000-00-00','00:00:00','2018-03-14 17:01:36','TERMINADA',1,'-','Janet Quintana'),(94,'ENC2019','ATO0094','-','ATOTONILCO','0000-00-00','00:00:00','2018-03-14 09:00:26','TERMINADA',1,'-','Janet Quintana'),(95,'ENC2019','ATO0095','-','ATOTONILCO','0000-00-00','00:00:00','2018-03-15 12:47:16','TERMINADA',1,'-','Janet Quintana'),(96,'ENC2019','ATO0096','-','ATOTONILCO','0000-00-00','00:00:00','2018-03-15 09:17:34','TERMINADA',1,'-','Janet Quintana'),(97,'ENC2019','ATO0097','-','ATOTONILCO','0000-00-00','00:00:00','2018-03-26 18:13:33','TERMINADA',1,'-','Janet Quintana'),(98,'ENC2019','ATO0098','-','ATOTONILCO','0000-00-00','00:00:00','2018-03-23 16:33:41','TERMINADA',1,'-','Janet Quintana'),(99,'ENC2019','ATO0099','-','ATOTONILCO','0000-00-00','00:00:00','2018-03-15 16:32:25','TERMINADA',1,'-','Janet Quintana'),(100,'ENC2019','ATO0100','-','ATOTONILCO','0000-00-00','00:00:00','2018-03-26 17:55:25','TERMINADA',1,'-','Janet Quintana'),(101,'ENC2019','ATO0101','-','ATOTONILCO','0000-00-00','00:00:00','2018-03-14 17:24:50','TERMINADA',1,'-','Janet Quintana'),(102,'ENC2019','ATO0102','-','ATOTONILCO','0000-00-00','00:00:00','2018-03-14 17:26:44','TERMINADA',1,'-','Janet Quintana'),(103,'ENC2019','ATO0103','-','ATOTONILCO','0000-00-00','00:00:00','2018-03-14 17:07:58','TERMINADA',1,'-','Janet Quintana'),(104,'ENC2019','LAG0104','-','LAGOS DE MORENO','0000-00-00','00:00:00','2018-03-26 13:12:14','TERMINADA',1,'-','Janet Quintana'),(105,'ENC2019','LAG0105','-','LAGOS DE MORENO','0000-00-00','00:00:00','2018-03-26 12:12:29','TERMINADA',1,'-','Janet Quintana'),(106,'ENC2019','LAG0106','-','LAGOS DE MORENO','0000-00-00','00:00:00','2018-03-23 16:50:07','TERMINADA',1,'-','Janet Quintana'),(107,'ENC2019','LAG0107','-','LAGOS DE MORENO','0000-00-00','00:00:00','2018-03-23 17:43:34','TERMINADA',1,'-','Janet Quintana'),(108,'ENC2019','LAG0108','-','LAGOS DE MORENO','0000-00-00','00:00:00','2018-03-24 11:02:02','TERMINADA',1,'-','Janet Quintana'),(109,'ENC2019','LAG0109','-','LAGOS DE MORENO','0000-00-00','00:00:00','2018-03-21 13:56:02','TERMINADA',1,'-','Janet Quintana'),(110,'ENC2019','LAG0110','-','LAGOS DE MORENO','0000-00-00','00:00:00','2018-03-20 14:34:22','TERMINADA',1,'-','Janet Quintana'),(111,'ENC2019','LAG0111','-','LAGOS DE MORENO','0000-00-00','00:00:00','2018-03-23 18:49:55','TERMINADA',1,'-','Janet Quintana'),(112,'ENC2019','LAG0112','-','LAGOS DE MORENO','0000-00-00','00:00:00','2018-03-20 13:19:07','TERMINADA',1,'-','Janet Quintana'),(113,'ENC2019','LAG0113','-','LAGOS DE MORENO','0000-00-00','00:00:00','2018-03-20 18:44:26','TERMINADA',1,'-','Janet Quintana'),(114,'ENC2019','LAG0114','-','LAGOS DE MORENO','0000-00-00','00:00:00','2018-03-20 18:10:19','TERMINADA',1,'-','Janet Quintana'),(115,'ENC2019','LAG0115','-','LAGOS DE MORENO','0000-00-00','00:00:00','2018-03-23 18:57:14','TERMINADA',1,'-','Janet Quintana'),(116,'ENC2019','EL 0116','-','EL MIRADOR','0000-00-00','00:00:00','2018-03-20 14:13:10','TERMINADA',1,'-','Janet Quintana'),(117,'ENC2019','EL 0117','-','EL MIRADOR','0000-00-00','00:00:00','2018-03-20 17:31:00','TERMINADA',1,'-','Janet Quintana'),(118,'ENC2019','EL 0118','-','EL MIRADOR','0000-00-00','00:00:00','2018-03-21 18:31:05','TERMINADA',1,'-','Janet Quintana'),(119,'ENC2019','EL 0119','-','EL MIRADOR','0000-00-00','00:00:00','2018-03-20 19:25:34','TERMINADA',1,'-','Janet Quintana'),(120,'ENC2019','EL 0120','-','EL MIRADOR','0000-00-00','00:00:00','2018-03-21 11:47:01','TERMINADA',1,'-','Janet Quintana'),(121,'ENC2019','TAT0121','-','TATEPOSCO','0000-00-00','00:00:00','2018-03-20 16:43:09','TERMINADA',1,'-','Janet Quintana'),(122,'ENC2019','TAT0122','-','TATEPOSCO','0000-00-00','00:00:00','2018-03-23 14:34:27','TERMINADA',1,'-','Janet Quintana'),(123,'ENC2019','TAT0123','-','TATEPOSCO','0000-00-00','00:00:00','2018-03-21 10:42:04','TERMINADA',1,'-','Janet Quintana'),(124,'ENC2019','TAT0124','-','TATEPOSCO','0000-00-00','00:00:00','2018-03-21 18:36:51','TERMINADA',1,'-','Janet Quintana'),(125,'ENC2019','TAT0125','-','TATEPOSCO','0000-00-00','00:00:00','2018-03-21 16:26:00','TERMINADA',1,'-','Janet Quintana'),(126,'ENC2019','TON0126','-','TONALA','0000-00-00','00:00:00','2018-03-22 14:53:05','TERMINADA',1,'-','Janet Quintana'),(127,'ENC2019','TON0127','-','TONALA','0000-00-00','00:00:00','2018-03-26 14:46:08','TERMINADA',1,'-','Janet Quintana'),(128,'ENC2019','TON0128','-','TONALA','0000-00-00','00:00:00','2018-03-28 13:23:18','TERMINADA',1,'-','Janet Quintana'),(129,'ENC2019','TON0129','-','TONALA','0000-00-00','00:00:00','2018-03-22 17:25:28','TERMINADA',1,'-','Janet Quintana'),(130,'ENC2019','TON0130','-','TONALA','0000-00-00','00:00:00','2018-03-23 09:27:18','TERMINADA',1,'-','Janet Quintana'),(131,'ENC2019','TON0131','-','TONALA','0000-00-00','00:00:00','2018-03-26 09:54:59','TERMINADA',1,'-','Janet Quintana'),(132,'ENC2019','TON0132','-','TONALA','0000-00-00','00:00:00','2018-03-23 13:41:32','TERMINADA',1,'-','Janet Quintana'),(133,'ENC2019','TON0133','-','TONALA','0000-00-00','00:00:00','2018-03-23 18:23:39','TERMINADA',1,'-','Janet Quintana'),(134,'ENC2019','TON0134','-','TONALA','0000-00-00','00:00:00','2018-03-23 17:53:09','TERMINADA',1,'-','Janet Quintana'),(135,'ENC2019','TON0135','-','TONALA','0000-00-00','00:00:00','2018-03-22 17:16:26','TERMINADA',1,'-','Janet Quintana'),(136,'ENC2019','JAU0136','-','JAUJA','0000-00-00','00:00:00','2018-03-26 12:54:25','TERMINADA',1,'-','Janet Quintana'),(137,'ENC2019','JAU0137','-','JAUJA','0000-00-00','00:00:00','2018-03-26 13:06:45','TERMINADA',1,'-','Janet Quintana'),(138,'ENC2019','JAU0138','-','JAUJA','0000-00-00','00:00:00','2018-03-14 16:25:15','TERMINADA',1,'-','Janet Quintana'),(139,'ENC2019','VAL0139','-','VALLARTA CEDI','0000-00-00','00:00:00','2018-03-14 13:07:42','TERMINADA',1,'-','Mario Urbina'),(140,'ENC2019','VAL0140','-','VALLARTA CEDI','0000-00-00','00:00:00','2018-03-28 16:31:13','TERMINADA',1,'-','Mario Urbina'),(141,'ENC2019','VAL0141','-','VALLARTA CEDI','0000-00-00','00:00:00',NULL,'INCOMPLETA',1,'-','Mario Urbina'),(142,'ENC2019','VAL0142','-','VALLARTA CEDI','0000-00-00','00:00:00','2018-04-04 13:08:43','TERMINADA',1,'-','Mario Urbina'),(143,'ENC2019','VAL0143','-','VALLARTA CEDI','0000-00-00','00:00:00',NULL,'INCOMPLETA',1,'-','Mario Urbina'),(144,'ENC2019','VAL0144','-','VALLARTA CEDI','0000-00-00','00:00:00','2018-04-04 19:27:37','TERMINADA',1,'-','Mario Urbina'),(145,'ENC2019','VAL0145','-','VALLARTA CEDI','0000-00-00','00:00:00',NULL,'INCOMPLETA',1,'-','Mario Urbina'),(146,'ENC2019','VAL0146','-','VALLARTA CEDI','0000-00-00','00:00:00',NULL,'INCOMPLETA',1,'-','Mario Urbina'),(147,'ENC2019','VAL0147','-','VALLARTA CEDI','0000-00-00','00:00:00','2018-03-20 10:12:36','INICIADA',0,'-','Mario Urbina'),(148,'ENC2019','VAL0148','-','VALLARTA CEDI','0000-00-00','00:00:00',NULL,'INCOMPLETA',1,'-','Mario Urbina'),(149,'ENC2019','VAL0149','-','VALLARTA CEDI','0000-00-00','00:00:00','2018-03-26 13:49:48','TERMINADA',1,'-','Mario Urbina'),(150,'ENC2019','VAL0150','-','VALLARTA CEDI','0000-00-00','00:00:00','2018-03-20 09:25:19','INICIADA',0,'-','Mario Urbina'),(151,'ENC2019','VAL0151','-','VALLARTA CEDI','0000-00-00','00:00:00',NULL,'BAJA',0,'-','Mario Urbina'),(152,'ENC2019','VAL0152','-','VALLARTA CEDI','0000-00-00','00:00:00','2018-04-17 14:30:07','TERMINADA',1,'-','Mario Urbina'),(153,'ENC2019','VAL0153','-','VALLARTA MATRIZ','0000-00-00','00:00:00',NULL,'INCOMPLETA',1,'-','Mario Urbina'),(154,'ENC2019','VAL0154','-','VALLARTA MATRIZ','0000-00-00','00:00:00','2018-03-14 18:08:22','TERMINADA',1,'-','Mario Urbina'),(155,'ENC2019','VAL0155','-','VALLARTA MATRIZ','0000-00-00','00:00:00','2018-04-18 13:35:59','TERMINADA',1,'-','Mario Urbina'),(156,'ENC2019','VAL0156','-','VALLARTA MATRIZ','0000-00-00','00:00:00','2018-03-15 09:56:46','INICIADA',0,'-','Mario Urbina'),(157,'ENC2019','VAL0157','-','VALLARTA MATRIZ','0000-00-00','00:00:00','2018-03-15 09:14:31','TERMINADA',1,'-','Mario Urbina'),(158,'ENC2019','VAL0158','-','VALLARTA MATRIZ','0000-00-00','00:00:00','2018-03-28 16:30:21','TERMINADA',1,'-','Mario Urbina'),(159,'ENC2019','VAL0159','-','VALLARTA MATRIZ','0000-00-00','00:00:00','2018-04-04 08:25:04','INICIADA',0,'-','Mario Urbina'),(160,'ENC2019','VAL0160','-','VALLARTA MATRIZ','0000-00-00','00:00:00','2018-04-03 11:17:04','TERMINADA',1,'-','Mario Urbina'),(161,'ENC2019','VAL0161','-','VALLARTA MATRIZ','0000-00-00','00:00:00','2018-03-28 18:18:51','TERMINADA',1,'-','Mario Urbina'),(162,'ENC2019','VAL0162','-','VALLARTA MATRIZ','0000-00-00','00:00:00',NULL,'INCOMPLETA',1,'-','Mario Urbina'),(163,'ENC2019','VAL0163','-','VALLARTA MATRIZ','0000-00-00','00:00:00',NULL,'INCOMPLETA',1,'-','Mario Urbina'),(164,'ENC2019','VAL0164','-','VALLARTA MATRIZ','0000-00-00','00:00:00',NULL,'INCOMPLETA',1,'-','Mario Urbina'),(165,'ENC2019','VAL0165','-','VALLARTA MATRIZ','0000-00-00','00:00:00',NULL,'INCOMPLETA',1,'-','Mario Urbina'),(166,'ENC2019','VAL0166','-','VALLARTA MATRIZ','0000-00-00','00:00:00','2018-03-14 19:09:05','TERMINADA',1,'-','Mario Urbina'),(167,'ENC2019','VAL0167','-','VALLARTA MATRIZ','0000-00-00','00:00:00',NULL,'INCOMPLETA',1,'-','Mario Urbina'),(168,'ENC2019','VAL0168','-','VALLARTA MATRIZ','0000-00-00','00:00:00',NULL,'INCOMPLETA',1,'-','Mario Urbina'),(169,'ENC2019','VAL0169','-','VALLARTA MATRIZ','0000-00-00','00:00:00',NULL,'INCOMPLETA',1,'-','Mario Urbina'),(170,'ENC2019','VAL0170','-','VALLARTA MATRIZ','0000-00-00','00:00:00','2018-03-15 11:14:34','INICIADA',0,'-','Mario Urbina'),(171,'ENC2019','BUC0171','-','BUCERIAS','0000-00-00','00:00:00','2018-03-21 17:34:06','TERMINADA',1,'-','Mario Urbina'),(172,'ENC2019','BUC0172','-','BUCERIAS','0000-00-00','00:00:00','2018-03-14 14:50:14','TERMINADA',1,'-','Mario Urbina'),(173,'ENC2019','BUC0173','-','BUCERIAS','0000-00-00','00:00:00','2018-04-09 10:21:19','TERMINADA',1,'-','Mario Urbina'),(174,'ENC2019','PIT0174','-','PITILLAL','0000-00-00','00:00:00','2018-04-09 14:12:32','TERMINADA',1,'-','Mario Urbina'),(175,'ENC2019','PIT0175','-','PITILLAL','0000-00-00','00:00:00','2018-04-11 14:28:08','TERMINADA',1,'-','Mario Urbina'),(176,'ENC2019','PIT0176','-','PITILLAL','0000-00-00','00:00:00','2018-04-16 13:16:14','TERMINADA',1,'-','Mario Urbina'),(177,'ENC2019','PIT0177','-','PITILLAL','0000-00-00','00:00:00','2018-03-22 18:20:54','TERMINADA',1,'-','Mario Urbina'),(178,'ENC2019','PIT0178','-','PITILLAL','0000-00-00','00:00:00','2018-04-10 14:18:55','TERMINADA',1,'-','Mario Urbina'),(179,'ENC2019','ACA0179','-','ACATLAN','0000-00-00','00:00:00','2018-03-14 17:26:54','TERMINADA',1,'-','Mario Urbina'),(180,'ENC2019','ACA0180','-','ACATLAN','0000-00-00','00:00:00','2018-03-16 13:30:41','TERMINADA',1,'-','Mario Urbina'),(181,'ENC2019','ACA0181','-','ACATLAN','0000-00-00','00:00:00','2018-03-27 12:52:48','TERMINADA',1,'-','Mario Urbina'),(182,'ENC2019','ACA0182','-','ACATLAN','0000-00-00','00:00:00','2018-04-18 13:12:32','TERMINADA',1,'-','Mario Urbina'),(183,'ENC2019','ACA0183','-','ACATLAN','0000-00-00','00:00:00','2018-03-26 11:30:56','TERMINADA',1,'-','Mario Urbina'),(184,'ENC2019','ACA0184','-','ACATLAN','0000-00-00','00:00:00','2018-04-17 16:09:29','INICIADA',0,'-','Mario Urbina'),(185,'ENC2019','ACA0185','-','ACATLAN','0000-00-00','00:00:00',NULL,'BAJA',0,'-','Mario Urbina'),(186,'ENC2019','AUT0186','-','AUTLAN','0000-00-00','00:00:00','2018-03-14 17:19:59','TERMINADA',1,'-','Mario Urbina'),(187,'ENC2019','AUT0187','-','AUTLAN','0000-00-00','00:00:00','2018-04-13 09:56:28','TERMINADA',1,'-','Mario Urbina'),(188,'ENC2019','AUT0188','-','AUTLAN','0000-00-00','00:00:00','2018-04-13 09:56:33','TERMINADA',1,'-','Mario Urbina'),(189,'ENC2019','AUT0189','-','AUTLAN','0000-00-00','00:00:00','2018-04-13 10:31:13','TERMINADA',1,'-','Mario Urbina'),(190,'ENC2019','AUT0190','-','AUTLAN','0000-00-00','00:00:00','2018-04-13 11:04:18','TERMINADA',1,'-','Mario Urbina'),(191,'ENC2019','AUT0191','-','AUTLAN','0000-00-00','00:00:00','2018-03-14 16:29:05','TERMINADA',1,'-','Mario Urbina'),(192,'ENC2019','AUT0192','-','AUTLAN','0000-00-00','00:00:00','2018-03-14 17:39:19','TERMINADA',1,'-','Mario Urbina'),(193,'ENC2019','IXT0193','-','IXTLAN','0000-00-00','00:00:00','2018-03-15 18:50:06','TERMINADA',1,'-','Mario Urbina'),(194,'ENC2019','IXT0194','-','IXTLAN','0000-00-00','00:00:00','2018-03-15 18:59:54','TERMINADA',1,'-','Mario Urbina'),(195,'ENC2019','IXT0195','-','IXTLAN','0000-00-00','00:00:00','2018-03-15 19:03:37','TERMINADA',1,'-','Mario Urbina'),(196,'ENC2019','IXT0196','-','IXTLAN','0000-00-00','00:00:00','2018-03-15 19:15:37','INICIADA',0,'-','Mario Urbina'),(197,'ENC2019','IXT0197','-','IXTLAN','0000-00-00','00:00:00','2018-03-15 18:11:56','TERMINADA',1,'-','Mario Urbina'),(198,'ENC2019','TEP0198','-','TEPIC','0000-00-00','00:00:00','2018-03-14 17:17:38','TERMINADA',1,'-','Mario Urbina'),(199,'ENC2019','TEP0199','-','TEPIC','0000-00-00','00:00:00','2018-03-20 17:38:07','TERMINADA',1,'-','Mario Urbina'),(200,'ENC2019','TEP0200','-','TEPIC','0000-00-00','00:00:00','2018-03-22 14:00:13','TERMINADA',1,'-','Mario Urbina'),(201,'ENC2019','TEP0201','-','TEPIC','0000-00-00','00:00:00','2018-03-28 10:36:42','TERMINADA',1,'-','Mario Urbina'),(202,'ENC2019','TEP0202','-','TEPIC','0000-00-00','00:00:00','2018-03-28 10:41:06','TERMINADA',1,'-','Mario Urbina'),(203,'ENC2019','TEP0203','-','TEPIC','0000-00-00','00:00:00','2018-03-28 12:57:02','TERMINADA',1,'-','Mario Urbina'),(204,'ENC2019','TEP0204','-','TEPIC','0000-00-00','00:00:00','2018-03-28 10:22:04','TERMINADA',1,'-','Mario Urbina'),(205,'ENC2019','TEP0205','-','TEPIC','0000-00-00','00:00:00',NULL,'INCOMPLETA',1,'-','Mario Urbina'),(206,'ENC2019','TEP0206','-','TEPIC','0000-00-00','00:00:00',NULL,'INCOMPLETA',1,'-','Mario Urbina'),(207,'ENC2019','TEP0207','-','TEPIC','0000-00-00','00:00:00','2018-03-28 12:19:16','TERMINADA',1,'-','Mario Urbina'),(208,'ENC2019','TEP0208','-','TEPIC','0000-00-00','00:00:00','2018-03-14 16:48:13','TERMINADA',1,'-','Mario Urbina'),(209,'ENC2019','TEP0209','-','TEPIC','0000-00-00','00:00:00','2018-03-14 17:19:49','TERMINADA',1,'-','Mario Urbina'),(210,'ENC2019','TEP0210','-','TEPIC','0000-00-00','00:00:00','2018-03-15 13:56:33','TERMINADA',1,'-','Mario Urbina'),(211,'ENC2019','AJI0211','-','AJIJIC','0000-00-00','00:00:00','2018-03-27 11:33:23','TERMINADA',1,'-','Mario Urbina'),(212,'ENC2019','AJI0212','-','AJIJIC','0000-00-00','00:00:00','2018-03-16 12:43:14','TERMINADA',1,'-','Mario Urbina'),(213,'ENC2019','AJI0213','-','AJIJIC','0000-00-00','00:00:00','2018-03-23 20:51:36','TERMINADA',1,'-','Mario Urbina'),(214,'ENC2019','AJI0214','-','AJIJIC','0000-00-00','00:00:00','2018-03-17 13:21:27','TERMINADA',1,'-','Mario Urbina'),(215,'ENC2019','AJI0215','-','AJIJIC','0000-00-00','00:00:00','2018-03-14 17:57:12','TERMINADA',1,'-','Mario Urbina'),(216,'ENC2019','AJI0216','-','AJIJIC','0000-00-00','00:00:00','2018-03-15 12:12:08','TERMINADA',1,'-','Mario Urbina'),(217,'ENC2019','CHA0217','-','CHAPALA','0000-00-00','00:00:00','2018-03-23 15:51:43','TERMINADA',1,'-','Mario Urbina'),(218,'ENC2019','CHA0218','-','CHAPALA','0000-00-00','00:00:00','2018-03-17 14:14:05','TERMINADA',1,'-','Mario Urbina'),(219,'ENC2019','CHA0219','-','CHAPALA','0000-00-00','00:00:00','2018-03-17 13:58:07','TERMINADA',1,'-','Mario Urbina'),(220,'ENC2019','CHA0220','-','CHAPALA','0000-00-00','00:00:00','2018-03-17 13:57:47','TERMINADA',1,'-','Mario Urbina'),(221,'ENC2019','CHA0221','-','CHAPALA','0000-00-00','00:00:00','2018-03-17 14:26:07','TERMINADA',1,'-','Mario Urbina'),(222,'ENC2019','CHA0222','-','CHAPALA','0000-00-00','00:00:00',NULL,'INCOMPLETA',1,'-','Mario Urbina'),(223,'ENC2019','CHA0223','-','CHAPALA','0000-00-00','00:00:00','2018-03-15 10:12:58','TERMINADA',1,'-','Mario Urbina'),(224,'ENC2019','CHA0224','-','CHAPALA','0000-00-00','00:00:00','2018-03-15 10:12:37','TERMINADA',1,'-','Mario Urbina'),(225,'ENC2019','AER0225','-','AEROPUERTO','0000-00-00','00:00:00','2018-03-22 14:30:33','TERMINADA',1,'-','Mario Urbina'),(226,'ENC2019','AER0226','-','AEROPUERTO','0000-00-00','00:00:00','2018-03-28 17:58:59','TERMINADA',1,'-','Mario Urbina'),(227,'ENC2019','AER0227','-','AEROPUERTO','0000-00-00','00:00:00','2018-03-28 19:39:13','TERMINADA',1,'-','Mario Urbina'),(228,'ENC2019','AER0228','-','AEROPUERTO','0000-00-00','00:00:00','2018-03-28 20:00:33','TERMINADA',1,'-','Mario Urbina'),(229,'ENC2019','AER0229','-','AEROPUERTO','0000-00-00','00:00:00','2018-03-28 18:30:48','TERMINADA',1,'-','Mario Urbina'),(230,'ENC2019','TIJ0230','-','TIJUANA CEDI','0000-00-00','00:00:00','2018-03-21 10:44:06','TERMINADA',1,'-','Mario Urbina'),(231,'ENC2019','TIJ0231','-','TIJUANA CEDI','0000-00-00','00:00:00','2018-03-28 10:15:46','TERMINADA',1,'-','Mario Urbina'),(232,'ENC2019','TIJ0232','-','TIJUANA CEDI','0000-00-00','00:00:00','2018-03-16 15:15:28','TERMINADA',1,'-','Mario Urbina'),(233,'ENC2019','TIJ0233','-','TIJUANA CEDI','0000-00-00','00:00:00','2018-03-27 18:43:20','INICIADA',0,'-','Mario Urbina'),(234,'ENC2019','TIJ0234','-','TIJUANA CEDI','0000-00-00','00:00:00','2018-03-28 10:01:42','TERMINADA',1,'-','Mario Urbina'),(235,'ENC2019','TIJ0235','-','TIJUANA CEDI','0000-00-00','00:00:00','2018-03-28 12:10:40','TERMINADA',1,'-','Mario Urbina'),(236,'ENC2019','TIJ0236','-','TIJUANA CEDI','0000-00-00','00:00:00','2018-04-02 09:55:39','TERMINADA',1,'-','Mario Urbina'),(237,'ENC2019','TIJ0237','-','TIJUANA CEDI','0000-00-00','00:00:00','2018-04-03 10:17:53','TERMINADA',1,'-','Mario Urbina'),(238,'ENC2019','TIJ0238','-','TIJUANA CEDI','0000-00-00','00:00:00','2018-04-06 09:56:02','TERMINADA',1,'-','Mario Urbina'),(239,'ENC2019','TIJ0239','-','TIJUANA CEDI','0000-00-00','00:00:00','2018-03-28 10:07:39','TERMINADA',1,'-','Mario Urbina'),(240,'ENC2019','TIJ0240','-','TIJUANA CEDI','0000-00-00','00:00:00','2018-03-28 11:23:20','TERMINADA',1,'-','Mario Urbina'),(241,'ENC2019','TIJ0241','-','TIJUANA CEDI','0000-00-00','00:00:00','2018-04-02 18:33:45','INICIADA',0,'-','Mario Urbina'),(242,'ENC2019','TIJ0242','-','TIJUANA CEDI','0000-00-00','00:00:00','2018-04-02 10:55:54','TERMINADA',1,'-','Mario Urbina'),(243,'ENC2019','TIJ0243','-','TIJUANA CEDI','0000-00-00','00:00:00','2018-03-16 15:11:21','INICIADA',0,'-','Mario Urbina'),(244,'ENC2019','5Y0244','-','5 Y 10','0000-00-00','00:00:00','2018-03-15 15:20:54','TERMINADA',1,'-','Mario Urbina'),(245,'ENC2019','5Y0245','-','5 Y 10','0000-00-00','00:00:00','2018-03-15 14:51:06','TERMINADA',1,'-','Mario Urbina'),(246,'ENC2019','5Y0246','-','5 Y 10','0000-00-00','00:00:00','2018-04-09 20:56:38','TERMINADA',1,'-','Mario Urbina'),(247,'ENC2019','5Y0247','-','5 Y 10','0000-00-00','00:00:00','2018-03-16 16:15:53','TERMINADA',1,'-','Mario Urbina'),(248,'ENC2019','5Y0248','-','5 Y 10','0000-00-00','00:00:00','2018-03-16 16:23:43','TERMINADA',1,'-','Mario Urbina'),(249,'ENC2019','5Y0249','-','5 Y 10','0000-00-00','00:00:00','2018-03-24 13:38:23','TERMINADA',1,'-','Mario Urbina'),(250,'ENC2019','5Y0250','-','5 Y 10','0000-00-00','00:00:00','2018-03-24 11:49:57','TERMINADA',1,'-','Mario Urbina'),(251,'ENC2019','5Y0251','-','5 Y 10','0000-00-00','00:00:00','2018-04-06 14:00:27','TERMINADA',1,'-','Mario Urbina'),(252,'ENC2019','5Y0252','-','5 Y 10','0000-00-00','00:00:00','2018-03-24 13:06:25','TERMINADA',1,'-','Mario Urbina'),(253,'ENC2019','5Y0253','-','5 Y 10','0000-00-00','00:00:00','2018-03-24 13:55:26','TERMINADA',1,'-','Mario Urbina'),(254,'ENC2019','5Y0254','-','5 Y 10','0000-00-00','00:00:00',NULL,'INCOMPLETA',1,'-','Mario Urbina'),(255,'ENC2019','5Y0255','-','5 Y 10','0000-00-00','00:00:00',NULL,'INCOMPLETA',1,'-','Mario Urbina'),(256,'ENC2019','5Y0256','-','5 Y 10','0000-00-00','00:00:00','2018-03-22 13:12:21','TERMINADA',1,'-','Mario Urbina'),(257,'ENC2019','5Y0257','-','5 Y 10','0000-00-00','00:00:00','2018-04-10 22:24:18','TERMINADA',1,'-','Mario Urbina'),(258,'ENC2019','5Y0258','-','5 Y 10','0000-00-00','00:00:00','2018-04-09 21:22:53','TERMINADA',1,'-','Mario Urbina'),(259,'ENC2019','5Y0259','-','5 Y 10','0000-00-00','00:00:00','2018-03-22 13:14:11','TERMINADA',1,'-','Mario Urbina'),(260,'ENC2019','5Y0260','-','5 Y 10','0000-00-00','00:00:00','2018-03-24 11:41:57','TERMINADA',1,'-','Mario Urbina'),(261,'ENC2019','5Y0261','-','5 Y 10','0000-00-00','00:00:00','2018-03-24 10:20:37','TERMINADA',1,'-','Mario Urbina'),(262,'ENC2019','5Y0262','-','5 Y 10','0000-00-00','00:00:00','2018-03-27 10:09:42','TERMINADA',1,'-','Mario Urbina'),(263,'ENC2019','5Y0263','-','5 Y 10','0000-00-00','00:00:00','2018-03-26 18:44:48','TERMINADA',1,'-','Mario Urbina'),(264,'ENC2019','JAR0264','-','JARDIN DORADO','0000-00-00','00:00:00','2018-03-27 19:55:20','TERMINADA',1,'-','Mario Urbina'),(265,'ENC2019','JAR0265','-','JARDIN DORADO','0000-00-00','00:00:00','2018-03-26 19:16:06','TERMINADA',1,'-','Mario Urbina'),(266,'ENC2019','JAR0266','-','JARDIN DORADO','0000-00-00','00:00:00','2018-03-26 17:56:49','TERMINADA',1,'-','Mario Urbina'),(267,'ENC2019','JAR0267','-','JARDIN DORADO','0000-00-00','00:00:00','2018-03-26 17:22:09','TERMINADA',1,'-','Mario Urbina'),(268,'ENC2019','JAR0268','-','JARDIN DORADO','0000-00-00','00:00:00','2018-03-26 16:18:34','TERMINADA',1,'-','Mario Urbina'),(269,'ENC2019','MEX0269','-','MEXICALI','0000-00-00','00:00:00','2018-03-26 16:40:49','TERMINADA',1,'-','Mario Urbina'),(270,'ENC2019','MEX0270','-','MEXICALI','0000-00-00','00:00:00',NULL,'INCOMPLETA',1,'-','Mario Urbina'),(271,'ENC2019','MEX0271','-','MEXICALI','0000-00-00','00:00:00','2018-03-27 10:06:21','TERMINADA',1,'-','Mario Urbina'),(272,'ENC2019','MEX0272','-','MEXICALI','0000-00-00','00:00:00','2018-03-26 16:00:01','TERMINADA',1,'-','Mario Urbina'),(273,'ENC2019','MEX0273','-','MEXICALI','0000-00-00','00:00:00',NULL,'BAJA',0,'-','Mario Urbina'),(274,'ENC2019','MEX0274','-','MEXICALI','0000-00-00','00:00:00','2018-03-26 17:57:05','TERMINADA',1,'-','Mario Urbina'),(275,'ENC2019','MEX0275','-','MEXICALI','0000-00-00','00:00:00','2018-03-26 17:27:36','TERMINADA',1,'-','Mario Urbina'),(276,'ENC2019','MEX0276','-','MEXICALI','0000-00-00','00:00:00',NULL,'INCOMPLETA',1,'-','Mario Urbina'),(277,'ENC2019','MEX0277','-','MEXICALI','0000-00-00','00:00:00','2018-03-26 15:30:36','TERMINADA',1,'-','Mario Urbina'),(278,'ENC2019','MEX0278','-','MEXICALI','0000-00-00','00:00:00','2018-03-26 20:17:40','TERMINADA',1,'-','Mario Urbina'),(279,'ENC2019','MEX0279','-','MEXICALI','0000-00-00','00:00:00',NULL,'INCOMPLETA',1,'-','Mario Urbina'),(280,'ENC2019','MEX0280','-','MEXICALI','0000-00-00','00:00:00','2018-04-05 18:08:30','TERMINADA',1,'-','Mario Urbina'),(281,'ENC2019','ENS0281','-','ENSENADA','0000-00-00','00:00:00','2018-03-16 14:57:57','TERMINADA',1,'-','Mario Urbina'),(282,'ENC2019','ENS0282','-','ENSENADA','0000-00-00','00:00:00',NULL,'BAJA',0,'-','Mario Urbina'),(283,'ENC2019','ENS0283','-','ENSENADA','0000-00-00','00:00:00','2018-03-24 10:25:13','TERMINADA',1,'-','Mario Urbina'),(284,'ENC2019','ENS0284','-','ENSENADA','0000-00-00','00:00:00','2018-03-24 12:48:36','TERMINADA',1,'-','Mario Urbina'),(285,'ENC2019','ENS0285','-','ENSENADA','0000-00-00','00:00:00','2018-04-05 13:46:49','INICIADA',0,'-','Mario Urbina'),(286,'ENC2019','ENS0286','-','ENSENADA','0000-00-00','00:00:00','2018-04-05 13:47:23','TERMINADA',1,'-','Mario Urbina'),(287,'ENC2019','ENS0287','-','ENSENADA','0000-00-00','00:00:00','2018-03-24 10:56:21','TERMINADA',1,'-','Mario Urbina'),(288,'ENC2019','ENS0288','-','ENSENADA','0000-00-00','00:00:00','2018-03-24 10:55:18','TERMINADA',1,'-','Mario Urbina'),(289,'ENC2019','ENS0289','-','ENSENADA','0000-00-00','00:00:00','2018-03-15 14:49:02','TERMINADA',1,'-','Mario Urbina'),(290,'ENC2019','ENS0290','-','ENSENADA','0000-00-00','00:00:00','2018-04-05 14:05:43','TERMINADA',1,'-','Mario Urbina'),(291,'ENC2019','ENS0291','-','ENSENADA','0000-00-00','00:00:00','2018-04-06 13:09:57','INICIADA',0,'-','Mario Urbina'),(292,'ENC2019','ENS0292','-','ENSENADA','0000-00-00','00:00:00','2018-03-16 14:58:47','TERMINADA',1,'-','Mario Urbina'),(293,'ENC2019','ENS0293','-','ENSENADA','0000-00-00','00:00:00',NULL,'BAJA',0,'-','Mario Urbina'),(294,'ENC2019','MUC0294','-','MUCHA LAMINA','0000-00-00','00:00:00','2018-03-26 14:30:52','TERMINADA',1,'-','Mario Urbina'),(295,'ENC2019','MUC0295','-','MUCHA LAMINA','0000-00-00','00:00:00','2018-03-26 15:11:34','TERMINADA',1,'-','Mario Urbina'),(296,'ENC2019','MUC0296','-','MUCHA LAMINA','0000-00-00','00:00:00','2018-03-26 19:30:40','TERMINADA',1,'-','Mario Urbina'),(297,'ENC2019','MUC0297','-','MUCHA LAMINA','0000-00-00','00:00:00','2018-03-26 18:01:47','TERMINADA',1,'-','Mario Urbina'),(298,'ENC2019','MUC0298','-','MUCHA LAMINA','0000-00-00','00:00:00','2018-03-26 18:37:37','TERMINADA',1,'-','Mario Urbina'),(299,'ENC2019','MUC0299','-','MUCHA LAMINA','0000-00-00','00:00:00','2018-03-26 18:45:53','TERMINADA',1,'-','Mario Urbina'),(300,'ENC2019','MUC0300','-','MUCHA LAMINA','0000-00-00','00:00:00','2018-03-26 18:44:50','TERMINADA',1,'-','Mario Urbina'),(301,'ENC2019','MUC0301','-','MUCHA LAMINA','0000-00-00','00:00:00',NULL,'INCOMPLETA',1,'-','Mario Urbina'),(302,'ENC2019','MUC0302','-','MUCHA LAMINA','0000-00-00','00:00:00',NULL,'INCOMPLETA',1,'-','Mario Urbina'),(303,'ENC2019','MUC0303','-','MUCHA LAMINA','0000-00-00','00:00:00','2018-03-26 16:12:53','TERMINADA',1,'-','Mario Urbina'),(304,'ENC2019','MUC0304','-','MUCHA LAMINA','0000-00-00','00:00:00','2018-03-26 20:05:24','TERMINADA',1,'-','Mario Urbina'),(305,'ENC2019','SAA0305','-','SAABSA','0000-00-00','00:00:00',NULL,'INCOMPLETA',1,'-','Mario Urbina'),(306,'ENC2019','SAA0306','-','SAABSA','0000-00-00','00:00:00','2018-03-20 17:08:26','TERMINADA',1,'-','Mario Urbina'),(307,'ENC2019','SAA0307','-','SAABSA','0000-00-00','00:00:00','2018-03-20 18:40:30','TERMINADA',1,'-','Mario Urbina'),(308,'ENC2019','SAA0308','-','SAABSA','0000-00-00','00:00:00','2018-03-26 22:05:10','TERMINADA',1,'-','Mario Urbina'),(309,'ENC2019','SAA0309','-','SAABSA','0000-00-00','00:00:00','2018-03-27 12:55:47','TERMINADA',1,'-','Mario Urbina'),(310,'ENC2019','SAA0310','-','SAABSA','0000-00-00','00:00:00','2018-04-16 12:30:51','TERMINADA',1,'-','Mario Urbina'),(311,'ENC2019','SAA0311','-','SAABSA','0000-00-00','00:00:00',NULL,'INCOMPLETA',1,'-','Mario Urbina'),(312,'ENC2019','SAA0312','-','SAABSA','0000-00-00','00:00:00','2018-04-09 15:38:43','TERMINADA',1,'-','Mario Urbina'),(313,'ENC2019','SAA0313','-','SAABSA','0000-00-00','00:00:00','2018-03-27 17:13:40','TERMINADA',1,'-','Mario Urbina'),(314,'ENC2019','SAA0314','-','SAABSA','0000-00-00','00:00:00','2018-03-28 09:38:50','TERMINADA',1,'-','Mario Urbina'),(315,'ENC2019','SAA0315','-','SAABSA','0000-00-00','00:00:00',NULL,'INCOMPLETA',1,'-','Mario Urbina'),(316,'ENC2019','SAA0316','-','SAABSA','0000-00-00','00:00:00',NULL,'INCOMPLETA',1,'-','Mario Urbina'),(317,'ENC2019','SAA0317','-','SAABSA','0000-00-00','00:00:00',NULL,'INCOMPLETA',1,'-','Mario Urbina'),(318,'ENC2019','SAA0318','-','SAABSA','0000-00-00','00:00:00','2018-03-20 10:01:50','TERMINADA',1,'-','Mario Urbina'),(319,'ENC2019','SAA0319','-','SAABSA','0000-00-00','00:00:00','2018-03-22 17:15:01','TERMINADA',1,'-','Mario Urbina'),(320,'ENC2019','SAA0320','-','SAABSA','0000-00-00','00:00:00',NULL,'INCOMPLETA',1,'-','Mario Urbina'),(321,'ENC2019','SAA0321','-','SAABSA','0000-00-00','00:00:00','2018-03-27 10:43:23','TERMINADA',1,'-','Mario Urbina'),(322,'ENC2019','SAA0322','-','SAABSA','0000-00-00','00:00:00',NULL,'INCOMPLETA',1,'-','Mario Urbina'),(323,'ENC2019','SAA0323','-','SAABSA','0000-00-00','00:00:00',NULL,'INCOMPLETA',1,'-','Mario Urbina'),(324,'ENC2019','SAA0324','-','SAABSA','0000-00-00','00:00:00',NULL,'INCOMPLETA',1,'-','Mario Urbina'),(325,'ENC2019','SAA0325','-','SAABSA','0000-00-00','00:00:00',NULL,'INCOMPLETA',1,'-','Mario Urbina'),(326,'ENC2019','SAA0326','-','SAABSA','0000-00-00','00:00:00',NULL,'INCOMPLETA',1,'-','Mario Urbina'),(327,'ENC2019','SAA0327','-','SAABSA','0000-00-00','00:00:00','2018-03-28 20:52:17','TERMINADA',1,'-','Mario Urbina'),(328,'ENC2019','SAA0328','-','SAABSA','0000-00-00','00:00:00',NULL,'INCOMPLETA',1,'-','Mario Urbina'),(329,'ENC2019','SAA0329','-','SAABSA','0000-00-00','00:00:00','2018-03-20 14:46:09','TERMINADA',1,'-','Mario Urbina'),(330,'ENC2019','SAA0330','-','SAABSA','0000-00-00','00:00:00','2018-03-20 11:52:10','INICIADA',0,'-','Mario Urbina'),(331,'ENC2019','SAA0331','-','SAABSA','0000-00-00','00:00:00','2018-03-20 12:48:08','TERMINADA',1,'-','Mario Urbina'),(332,'ENC2019','SAA0332','-','SAABSA','0000-00-00','00:00:00',NULL,'INCOMPLETA',1,'-','Mario Urbina'),(333,'ENC2019','SAA0333','-','SAABSA','0000-00-00','00:00:00','2018-03-21 12:12:17','TERMINADA',1,'-','Mario Urbina'),(334,'ENC2019','SAA0334','-','SAABSA','0000-00-00','00:00:00','2018-03-22 17:25:59','TERMINADA',1,'-','Mario Urbina'),(335,'ENC2019','SAA0335','-','SAABSA','0000-00-00','00:00:00','2018-03-22 15:48:47','TERMINADA',1,'-','Mario Urbina'),(336,'ENC2019','SAA0336','-','SAABSA','0000-00-00','00:00:00',NULL,'INCOMPLETA',1,'-','Mario Urbina'),(337,'ENC2019','SAA0337','-','SAABSA','0000-00-00','00:00:00','2018-03-27 23:55:38','TERMINADA',1,'-','Mario Urbina'),(338,'ENC2019','SAA0338','-','SAABSA','0000-00-00','00:00:00',NULL,'INCOMPLETA',1,'-','Mario Urbina'),(339,'ENC2019','SAA0339','-','SAABSA','0000-00-00','00:00:00',NULL,'INCOMPLETA',1,'-','Mario Urbina'),(340,'ENC2019','SAA0340','-','SAABSA','0000-00-00','00:00:00',NULL,'INCOMPLETA',1,'-','Mario Urbina'),(341,'ENC2019','SAA0341','-','SAABSA','0000-00-00','00:00:00','2018-03-27 17:41:29','TERMINADA',1,'-','Mario Urbina'),(342,'ENC2019','SAA0342','-','SAABSA','0000-00-00','00:00:00',NULL,'INCOMPLETA',1,'-','Mario Urbina'),(343,'ENC2019','SAA0343','-','SAABSA','0000-00-00','00:00:00',NULL,'INCOMPLETA',1,'-','Mario Urbina'),(344,'ENC2019','SAA0344','-','SAABSA','0000-00-00','00:00:00','2018-03-20 13:27:09','TERMINADA',1,'-','Mario Urbina'),(345,'ENC2019','SAA0345','-','SAABSA','0000-00-00','00:00:00',NULL,'INCOMPLETA',1,'-','Mario Urbina'),(346,'ENC2019','SAA0346','-','SAABSA','0000-00-00','00:00:00','2018-03-20 15:52:58','TERMINADA',1,'-','Mario Urbina'),(347,'ENC2019','SAA0347','-','SAABSA','0000-00-00','00:00:00',NULL,'INCOMPLETA',1,'-','Mario Urbina'),(348,'ENC2019','SAA0348','-','SAABSA','0000-00-00','00:00:00','2018-04-09 15:39:11','INICIADA',0,'-','Mario Urbina'),(349,'ENC2019','SAA0349','-','SAABSA','0000-00-00','00:00:00','2018-03-24 10:25:29','TERMINADA',1,'-','Mario Urbina'),(350,'ENC2019','SAA0350','-','SAABSA','0000-00-00','00:00:00',NULL,'INCOMPLETA',1,'-','Mario Urbina'),(351,'ENC2019','SAA0351','-','SAABSA','0000-00-00','00:00:00',NULL,'INCOMPLETA',1,'-','Mario Urbina'),(352,'ENC2019','SAA0352','-','SAABSA','0000-00-00','00:00:00','2018-03-20 13:46:06','TERMINADA',1,'-','Mario Urbina'),(353,'ENC2019','SAA0353','-','SAABSA','0000-00-00','00:00:00','2018-03-28 08:06:34','TERMINADA',1,'-','Mario Urbina'),(354,'ENC2019','SAA0354','-','SAABSA','0000-00-00','00:00:00',NULL,'INCOMPLETA',1,'-','Mario Urbina'),(355,'ENC2019','SAA0355','-','SAABSA','0000-00-00','00:00:00','2018-04-16 12:38:37','TERMINADA',1,'-','Mario Urbina'),(356,'ENC2019','SAA0356','-','SAABSA','0000-00-00','00:00:00','2018-03-22 17:18:41','TERMINADA',1,'-','Mario Urbina'),(357,'ENC2019','CAO0357','-','CAOSA','0000-00-00','00:00:00','2018-03-27 18:28:02','TERMINADA',1,'-','Candelaria Mendez'),(358,'ENC2019','CAO0358','-','CAOSA','0000-00-00','00:00:00','2018-03-23 14:35:15','INICIADA',0,'-','Candelaria Mendez'),(359,'ENC2019','CAO0359','-','CAOSA','0000-00-00','00:00:00',NULL,'INCOMPLETA',1,'-','Candelaria Mendez'),(360,'ENC2019','CAO0360','-','CAOSA','0000-00-00','00:00:00',NULL,'INCOMPLETA',1,'-','Candelaria Mendez'),(361,'ENC2019','CAO0361','-','CAOSA','0000-00-00','00:00:00','2018-03-23 14:00:00','TERMINADA',1,'-','Candelaria Mendez'),(362,'ENC2019','CAO0362','-','CAOSA','0000-00-00','00:00:00',NULL,'INCOMPLETA',1,'-','Candelaria Mendez'),(363,'ENC2019','CAO0363','-','CAOSA','0000-00-00','00:00:00',NULL,'INCOMPLETA',1,'-','Candelaria Mendez'),(364,'ENC2019','CAO0364','-','CAOSA','0000-00-00','00:00:00','2018-04-06 10:46:28','TERMINADA',1,'-','Candelaria Mendez'),(365,'ENC2019','CAO0365','-','CAOSA','0000-00-00','00:00:00','2018-04-05 17:33:13','TERMINADA',1,'-','Candelaria Mendez'),(366,'ENC2019','CAO0366','-','CAOSA','0000-00-00','00:00:00','2018-04-05 11:30:13','TERMINADA',1,'-','Candelaria Mendez'),(367,'ENC2019','SAH0367','-','SAHUAYO','0000-00-00','00:00:00','2018-04-04 13:46:06','TERMINADA',1,'-','Candelaria Mendez'),(368,'ENC2019','SAH0368','-','SAHUAYO','0000-00-00','00:00:00','2018-03-27 17:48:56','TERMINADA',1,'-','Candelaria Mendez'),(369,'ENC2019','SAH0369','-','SAHUAYO','0000-00-00','00:00:00','2018-03-28 09:50:47','TERMINADA',1,'-','Candelaria Mendez'),(370,'ENC2019','SAH0370','-','SAHUAYO','0000-00-00','00:00:00','2018-03-28 10:21:57','TERMINADA',1,'-','Candelaria Mendez'),(371,'ENC2019','SAH0371','-','SAHUAYO','0000-00-00','00:00:00','2018-03-27 18:17:00','TERMINADA',1,'-','Candelaria Mendez'),(372,'ENC2019','SAH0372','-','SAHUAYO','0000-00-00','00:00:00','2018-03-28 18:00:40','TERMINADA',1,'-','Candelaria Mendez'),(373,'ENC2019','PON0373','-','PONCITLAN','0000-00-00','00:00:00','2018-04-04 12:12:04','INICIADA',0,'-','Candelaria Mendez'),(374,'ENC2019','PON0374','-','PONCITLAN','0000-00-00','00:00:00','2018-03-20 14:16:21','INICIADA',0,'-','Candelaria Mendez'),(375,'ENC2019','PON0375','-','PONCITLAN','0000-00-00','00:00:00','2018-04-13 09:24:52','TERMINADA',1,'-','Candelaria Mendez'),(376,'ENC2019','PON0376','-','PONCITLAN','0000-00-00','00:00:00','2018-04-13 20:26:37','TERMINADA',1,'-','Candelaria Mendez'),(377,'ENC2019','PON0377','-','PONCITLAN','0000-00-00','00:00:00','2018-04-13 20:31:38','TERMINADA',1,'-','Candelaria Mendez'),(378,'ENC2019','PON0378','-','PONCITLAN','0000-00-00','00:00:00','2018-04-13 20:37:44','TERMINADA',1,'-','Candelaria Mendez'),(379,'ENC2019','PON0379','-','PONCITLAN','0000-00-00','00:00:00',NULL,'INCOMPLETA',1,'-','Candelaria Mendez'),(380,'ENC2019','PON0380','-','PONCITLAN','0000-00-00','00:00:00',NULL,'INCOMPLETA',1,'-','Candelaria Mendez'),(381,'ENC2019','LA 0381','-','LA BARCA','0000-00-00','00:00:00','2018-03-28 11:11:23','TERMINADA',1,'-','Candelaria Mendez'),(382,'ENC2019','LA 0382','-','LA BARCA','0000-00-00','00:00:00','2018-03-28 14:08:45','TERMINADA',1,'-','Candelaria Mendez'),(383,'ENC2019','LA 0383','-','LA BARCA','0000-00-00','00:00:00','2018-03-28 19:08:22','TERMINADA',1,'-','Candelaria Mendez'),(384,'ENC2019','LA 0384','-','LA BARCA','0000-00-00','00:00:00','2018-03-28 17:38:24','TERMINADA',1,'-','Candelaria Mendez'),(385,'ENC2019','LA 0385','-','LA BARCA','0000-00-00','00:00:00','2018-04-04 17:22:14','TERMINADA',1,'-','Candelaria Mendez'),(386,'ENC2019','LA 0386','-','LA BARCA','0000-00-00','00:00:00','2018-03-28 11:09:28','TERMINADA',1,'-','Candelaria Mendez'),(387,'ENC2019','LA 0387','-','LA BARCA','0000-00-00','00:00:00','2018-03-28 14:36:45','TERMINADA',1,'-','Candelaria Mendez'),(388,'ENC2019','LA 0388','-','LA BARCA','0000-00-00','00:00:00','2018-03-28 12:59:35','TERMINADA',1,'-','Candelaria Mendez'),(389,'ENC2019','LA 0389','-','LA BARCA','0000-00-00','00:00:00','2018-03-28 12:09:11','TERMINADA',1,'-','Candelaria Mendez'),(390,'ENC2019','MAD0390','-','MADERO','0000-00-00','00:00:00','2018-04-05 08:58:29','TERMINADA',1,'-','Candelaria Mendez'),(391,'ENC2019','MAD0391','-','MADERO','0000-00-00','00:00:00','2018-03-28 16:01:36','TERMINADA',1,'-','Candelaria Mendez'),(392,'ENC2019','MAD0392','-','MADERO','0000-00-00','00:00:00','2018-03-29 20:25:41','TERMINADA',1,'-','Candelaria Mendez'),(393,'ENC2019','MAD0393','-','MADERO','0000-00-00','00:00:00','2018-03-29 20:57:56','TERMINADA',1,'-','Candelaria Mendez'),(394,'ENC2019','MAD0394','-','MADERO','0000-00-00','00:00:00','2018-03-29 21:34:50','TERMINADA',1,'-','Candelaria Mendez'),(395,'ENC2019','MAD0395','-','MADERO','0000-00-00','00:00:00','2018-04-02 16:18:10','TERMINADA',1,'-','Candelaria Mendez'),(396,'ENC2019','MAD0396','-','MADERO','0000-00-00','00:00:00','2018-04-02 17:02:31','TERMINADA',1,'-','Candelaria Mendez'),(397,'ENC2019','MAD0397','-','MADERO','0000-00-00','00:00:00','2018-04-03 17:57:51','TERMINADA',1,'-','Candelaria Mendez'),(398,'ENC2019','MAD0398','-','MADERO','0000-00-00','00:00:00','2018-04-05 09:01:52','TERMINADA',1,'-','Candelaria Mendez'),(399,'ENC2019','MAD0399','-','MADERO','0000-00-00','00:00:00','2018-04-05 09:20:41','TERMINADA',1,'-','Candelaria Mendez'),(400,'ENC2019','MAD0400','-','MADERO','0000-00-00','00:00:00','2018-04-05 09:27:43','TERMINADA',1,'-','Candelaria Mendez'),(401,'ENC2019','MAD0401','-','MADERO','0000-00-00','00:00:00','2018-04-13 16:24:00','TERMINADA',1,'-','Candelaria Mendez'),(402,'ENC2019','MAD0402','-','MADERO','0000-00-00','00:00:00',NULL,'INCOMPLETA',1,'-','Candelaria Mendez'),(403,'ENC2019','MAD0403','-','MADERO','0000-00-00','00:00:00',NULL,'INCOMPLETA',1,'-','Candelaria Mendez'),(404,'ENC2019','ECO0404','-','ECONOMICOS','0000-00-00','00:00:00','2018-04-04 18:50:03','TERMINADA',1,'-','Candelaria Mendez'),(405,'ENC2019','ECO0405','-','ECONOMICOS','0000-00-00','00:00:00',NULL,'INCOMPLETA',1,'-','Candelaria Mendez'),(406,'ENC2019','ECO0406','-','ECONOMICOS','0000-00-00','00:00:00',NULL,'INCOMPLETA',1,'-','Candelaria Mendez'),(407,'ENC2019','ECO0407','-','ECONOMICOS','0000-00-00','00:00:00','2018-04-04 13:01:06','TERMINADA',1,'-','Candelaria Mendez'),(408,'ENC2019','ECO0408','-','ECONOMICOS','0000-00-00','00:00:00',NULL,'INCOMPLETA',1,'-','Candelaria Mendez'),(409,'ENC2019','ECO0409','-','ECONOMICOS','0000-00-00','00:00:00','2018-04-05 17:00:22','TERMINADA',1,'-','Candelaria Mendez'),(410,'ENC2019','ECO0410','-','ECONOMICOS','0000-00-00','00:00:00','2018-04-05 10:42:36','TERMINADA',1,'-','Candelaria Mendez'),(411,'ENC2019','ECO0411','-','ECONOMICOS','0000-00-00','00:00:00','2018-04-04 12:45:38','TERMINADA',1,'-','Candelaria Mendez'),(412,'ENC2019','LA 0412','-','LA PIEDAD','0000-00-00','00:00:00','2018-03-20 20:01:24','TERMINADA',1,'-','Candelaria Mendez'),(413,'ENC2019','LA 0413','-','LA PIEDAD','0000-00-00','00:00:00','2018-03-22 12:48:58','TERMINADA',1,'-','Candelaria Mendez'),(414,'ENC2019','LA 0414','-','LA PIEDAD','0000-00-00','00:00:00','2018-03-22 17:22:18','TERMINADA',1,'-','Candelaria Mendez'),(415,'ENC2019','LA 0415','-','LA PIEDAD','0000-00-00','00:00:00','2018-03-26 19:18:28','TERMINADA',1,'-','Candelaria Mendez'),(416,'ENC2019','LA 0416','-','LA PIEDAD','0000-00-00','00:00:00','2018-03-23 19:02:16','TERMINADA',1,'-','Candelaria Mendez'),(417,'ENC2019','LA 0417','-','LA PIEDAD','0000-00-00','00:00:00','2018-03-24 14:36:43','TERMINADA',1,'-','Candelaria Mendez'),(418,'ENC2019','LA 0418','-','LA PIEDAD','0000-00-00','00:00:00','2018-04-04 11:39:18','TERMINADA',1,'-','Candelaria Mendez'),(419,'ENC2019','ZUL0419','-','ZULA MATRIZ','0000-00-00','00:00:00','2018-03-27 13:45:50','TERMINADA',1,'-','Candelaria Mendez'),(420,'ENC2019','ZUL0420','-','ZULA MATRIZ','0000-00-00','00:00:00','2018-03-28 09:55:46','TERMINADA',1,'-','Candelaria Mendez'),(421,'ENC2019','ZUL0421','-','ZULA MATRIZ','0000-00-00','00:00:00','2018-04-04 11:51:58','TERMINADA',1,'-','Candelaria Mendez'),(422,'ENC2019','ZUL0422','-','ZULA MATRIZ','0000-00-00','00:00:00','2018-03-20 17:57:13','TERMINADA',1,'-','Candelaria Mendez'),(423,'ENC2019','ZUL0423','-','ZULA MATRIZ','0000-00-00','00:00:00','2018-03-28 09:05:35','TERMINADA',1,'-','Candelaria Mendez'),(424,'ENC2019','ZUL0424','-','ZULA MATRIZ','0000-00-00','00:00:00','2018-04-13 09:11:16','TERMINADA',1,'-','Candelaria Mendez'),(425,'ENC2019','ZUL0425','-','ZULA MATRIZ','0000-00-00','00:00:00','2018-04-13 09:11:29','TERMINADA',1,'-','Candelaria Mendez'),(426,'ENC2019','ZUL0426','-','ZULA MATRIZ','0000-00-00','00:00:00','2018-04-13 09:31:03','TERMINADA',1,'-','Candelaria Mendez'),(427,'ENC2019','ZUL0427','-','ZULA MATRIZ','0000-00-00','00:00:00','2018-03-20 14:37:29','TERMINADA',1,'-','Candelaria Mendez'),(428,'ENC2019','ZUL0428','-','ZULA MATRIZ','0000-00-00','00:00:00','2018-04-23 12:31:20','TERMINADA',1,'-','Candelaria Mendez'),(429,'ENC2019','ZUL0429','-','ZULA MATRIZ','0000-00-00','00:00:00','2018-04-13 09:32:58','TERMINADA',1,'-','Candelaria Mendez'),(430,'ENC2019','ZUL0430','-','ZULA MATRIZ','0000-00-00','00:00:00','2018-03-20 09:12:41','TERMINADA',1,'-','Candelaria Mendez'),(431,'ENC2019','ZUL0431','-','ZULA MATRIZ','0000-00-00','00:00:00','2018-04-13 09:42:16','TERMINADA',1,'-','Candelaria Mendez'),(432,'ENC2019','ZUL0432','-','ZULA MATRIZ','0000-00-00','00:00:00','2018-04-02 09:11:23','TERMINADA',1,'-','Candelaria Mendez'),(433,'ENC2019','ZUL0433','-','ZULA MATRIZ','0000-00-00','00:00:00','2018-04-13 09:28:47','TERMINADA',1,'-','Candelaria Mendez'),(434,'ENC2019','ZUL0434','-','ZULA MATRIZ','0000-00-00','00:00:00','2018-04-13 16:47:48','TERMINADA',1,'-','Candelaria Mendez'),(435,'ENC2019','ZUL0435','-','ZULA MATRIZ','0000-00-00','00:00:00','2018-03-20 18:05:43','TERMINADA',1,'-','Candelaria Mendez'),(436,'ENC2019','ZUL0436','-','ZULA MATRIZ','0000-00-00','00:00:00','2018-04-04 11:11:09','INICIADA',0,'-','Candelaria Mendez'),(437,'ENC2019','ZUL0437','-','ZULA MATRIZ','0000-00-00','00:00:00','2018-04-13 16:52:22','TERMINADA',1,'-','Candelaria Mendez'),(438,'ENC2019','ZUL0438','-','ZULA MATRIZ','0000-00-00','00:00:00','2018-04-13 18:27:48','TERMINADA',1,'-','Candelaria Mendez'),(439,'ENC2019','ZUL0439','-','ZULA MATRIZ','0000-00-00','00:00:00','2018-04-23 12:36:56','TERMINADA',1,'-','Candelaria Mendez'),(440,'ENC2019','ZUL0440','-','ZULA MATRIZ','0000-00-00','00:00:00','2018-04-23 12:50:15','TERMINADA',1,'-','Candelaria Mendez'),(441,'ENC2019','ZUL0441','-','ZULA MATRIZ','0000-00-00','00:00:00','2018-04-18 17:08:34','TERMINADA',1,'-','Candelaria Mendez'),(442,'ENC2019','ZUL0442','-','ZULA MATRIZ','0000-00-00','00:00:00','2018-03-23 14:47:43','TERMINADA',1,'-','Candelaria Mendez'),(443,'ENC2019','ZUL0443','-','ZULA MATRIZ','0000-00-00','00:00:00','2018-04-18 18:21:46','TERMINADA',1,'-','Candelaria Mendez'),(444,'ENC2019','ZUL0444','-','ZULA MATRIZ','0000-00-00','00:00:00','2018-04-18 18:59:07','INICIADA',0,'-','Candelaria Mendez'),(445,'ENC2019','ZUL0445','-','ZULA MATRIZ','0000-00-00','00:00:00','2018-04-18 15:16:32','TERMINADA',1,'-','Candelaria Mendez'),(446,'ENC2019','ZUL0446','-','ZULA MATRIZ','0000-00-00','00:00:00','2018-03-23 11:54:08','INICIADA',0,'-','Candelaria Mendez'),(447,'ENC2019','ZUL0447','-','ZULA MATRIZ','0000-00-00','00:00:00','2018-04-04 18:18:49','TERMINADA',1,'-','Candelaria Mendez'),(448,'ENC2019','ZUL0448','-','ZULA MATRIZ','0000-00-00','00:00:00','2018-04-11 10:45:54','TERMINADA',1,'-','Candelaria Mendez'),(449,'ENC2019','ZUL0449','-','ZULA MATRIZ','0000-00-00','00:00:00','2018-03-23 09:24:51','TERMINADA',1,'-','Candelaria Mendez'),(450,'ENC2019','ZUL0450','-','ZULA MATRIZ','0000-00-00','00:00:00','2018-03-28 13:44:08','INICIADA',0,'-','Candelaria Mendez'),(451,'ENC2019','ZUL0451','-','ZULA MATRIZ','0000-00-00','00:00:00','2018-04-18 15:24:58','TERMINADA',1,'-','Candelaria Mendez'),(452,'ENC2019','ZUL0452','-','ZULA MATRIZ','0000-00-00','00:00:00','2018-03-28 10:01:50','TERMINADA',1,'-','Candelaria Mendez'),(453,'ENC2019','ZUL0453','-','ZULA MATRIZ','0000-00-00','00:00:00','2018-03-20 09:02:39','TERMINADA',1,'-','Candelaria Mendez'),(454,'ENC2019','ZUL0454','-','ZULA MATRIZ','0000-00-00','00:00:00','2018-03-27 18:05:38','TERMINADA',1,'-','Candelaria Mendez'),(455,'ENC2019','ZUL0455','-','ZULA MATRIZ','0000-00-00','00:00:00','2018-03-28 12:56:06','INICIADA',0,'-','Candelaria Mendez'),(456,'ENC2019','ZUL0456','-','ZULA MATRIZ','0000-00-00','00:00:00','2018-04-18 15:28:46','TERMINADA',1,'-','Candelaria Mendez'),(457,'ENC2019','ZUL0457','-','ZULA MATRIZ','0000-00-00','00:00:00','2018-03-27 17:36:39','INICIADA',0,'-','Candelaria Mendez'),(458,'ENC2019','ZUL0458','-','ZULA MATRIZ','0000-00-00','00:00:00','2018-04-18 15:17:55','TERMINADA',1,'-','Candelaria Mendez'),(459,'ENC2019','ZUL0459','-','ZULA MATRIZ','0000-00-00','00:00:00','2018-03-28 17:40:10','TERMINADA',1,'-','Candelaria Mendez'),(460,'ENC2019','ZUL0460','-','ZULA MATRIZ','0000-00-00','00:00:00','2018-03-24 20:16:02','TERMINADA',1,'-','Candelaria Mendez'),(461,'ENC2019','ZUL0461','-','ZULA MATRIZ','0000-00-00','00:00:00','2018-03-20 11:54:35','TERMINADA',1,'-','Candelaria Mendez'),(462,'ENC2019','ZUL0462','-','ZULA MATRIZ','0000-00-00','00:00:00','2018-04-18 15:23:14','TERMINADA',1,'-','Candelaria Mendez'),(463,'ENC2019','ZUL0463','-','ZULA MATRIZ','0000-00-00','00:00:00','2018-03-28 17:57:04','TERMINADA',1,'-','Candelaria Mendez'),(464,'ENC2019','ZUL0464','-','ZULA MATRIZ','0000-00-00','00:00:00','2018-03-23 16:19:36','TERMINADA',1,'-','Candelaria Mendez'),(465,'ENC2019','ZUL0465','-','ZULA MATRIZ','0000-00-00','00:00:00','2018-03-28 17:45:01','TERMINADA',1,'-','Candelaria Mendez'),(466,'ENC2019','ZUL0466','-','ZULA MATRIZ','0000-00-00','00:00:00','2018-03-27 13:56:25','TERMINADA',1,'-','Candelaria Mendez'),(467,'ENC2019','ZUL0467','-','ZULA MATRIZ','0000-00-00','00:00:00','2018-04-18 15:28:16','TERMINADA',1,'-','Candelaria Mendez'),(468,'ENC2019','ZUL0468','-','ZULA MATRIZ','0000-00-00','00:00:00','2018-03-20 09:09:36','INICIADA',0,'-','Candelaria Mendez'),(469,'ENC2019','ZUL0469','-','ZULA MATRIZ','0000-00-00','00:00:00',NULL,'INCOMPLETA',0,'-','Candelaria Mendez'),(470,'ENC2019','ZUL0470','-','ZULA MATRIZ','0000-00-00','00:00:00','2018-03-28 17:09:49','TERMINADA',1,'-','Candelaria Mendez'),(471,'ENC2019','ZUL0471','-','ZULA MATRIZ','0000-00-00','00:00:00',NULL,'INCOMPLETA',0,'-','Candelaria Mendez'),(472,'ENC2019','ZUL0472','-','ZULA MATRIZ','0000-00-00','00:00:00','2018-03-28 18:23:37','TERMINADA',1,'-','Candelaria Mendez'),(473,'ENC2019','ZUL0473','-','ZULA MATRIZ','0000-00-00','00:00:00',NULL,'INCOMPLETA',0,'-','Candelaria Mendez'),(474,'ENC2019','ZUL0474','-','ZULA MATRIZ','0000-00-00','00:00:00',NULL,'INCOMPLETA',0,'-','Candelaria Mendez'),(475,'ENC2019','ZUL0475','-','ZULA MATRIZ','0000-00-00','00:00:00',NULL,'INCOMPLETA',0,'-','Candelaria Mendez'),(476,'ENC2019','ZUL0476','-','ZULA MATRIZ','0000-00-00','00:00:00',NULL,'INCOMPLETA',0,'-','Candelaria Mendez'),(477,'ENC2019','ZUL0477','-','ZULA MATRIZ','0000-00-00','00:00:00','2018-03-30 08:27:16','TERMINADA',1,'-','Candelaria Mendez'),(478,'ENC2019','ZUL0478','-','ZULA MATRIZ','0000-00-00','00:00:00',NULL,'INCOMPLETA',0,'-','Candelaria Mendez'),(479,'ENC2019','ZUL0479','-','ZULA MATRIZ','0000-00-00','00:00:00','2018-03-28 17:22:06','TERMINADA',1,'-','Candelaria Mendez'),(480,'ENC2019','ZUL0480','-','ZULA MATRIZ','0000-00-00','00:00:00',NULL,'INCOMPLETA',0,'-','Candelaria Mendez'),(481,'ENC2019','ZUL0481','-','ZULA MATRIZ','0000-00-00','00:00:00','2018-03-30 09:02:22','TERMINADA',1,'-','Candelaria Mendez'),(482,'ENC2019','ZUL0482','-','ZULA MATRIZ','0000-00-00','00:00:00',NULL,'INCOMPLETA',0,'-','Candelaria Mendez'),(483,'ENC2019','ZUL0483','-','ZULA MATRIZ','0000-00-00','00:00:00','2018-03-28 17:48:06','TERMINADA',1,'-','Candelaria Mendez'),(484,'ENC2019','ZUL0484','-','ZULA MATRIZ','0000-00-00','00:00:00','2018-03-30 08:40:24','TERMINADA',1,'-','Candelaria Mendez'),(485,'ENC2019','ZUL0485','-','ZULA MATRIZ','0000-00-00','00:00:00','2018-04-01 09:07:10','TERMINADA',1,'-','Candelaria Mendez'),(486,'ENC2019','ZUL0486','-','ZULA MATRIZ','0000-00-00','00:00:00','2018-04-01 09:23:29','TERMINADA',1,'-','Candelaria Mendez'),(487,'ENC2019','ZUL0487','-','ZULA MATRIZ','0000-00-00','00:00:00','2018-03-30 09:12:26','TERMINADA',1,'-','Candelaria Mendez'),(488,'ENC2019','ZUL0488','-','ZULA MATRIZ','0000-00-00','00:00:00','2018-04-01 09:39:42','TERMINADA',1,'-','Candelaria Mendez'),(489,'ENC2019','ZUL0489','-','ZULA MATRIZ','0000-00-00','00:00:00','2018-04-01 09:52:33','TERMINADA',1,'-','Candelaria Mendez'),(490,'ENC2019','ZUL0490','-','ZULA MATRIZ','0000-00-00','00:00:00','2018-04-01 10:09:36','TERMINADA',1,'-','Candelaria Mendez'),(491,'ENC2019','ZUL0491','-','ZULA MATRIZ','0000-00-00','00:00:00','2018-04-02 08:40:47','TERMINADA',1,'-','Candelaria Mendez'),(492,'ENC2019','ZUL0492','-','ZULA MATRIZ','0000-00-00','00:00:00','2018-04-02 08:53:27','TERMINADA',1,'-','Candelaria Mendez'),(493,'ENC2019','ZUL0493','-','ZULA MATRIZ','0000-00-00','00:00:00',NULL,'INCOMPLETA',0,'-','Candelaria Mendez'),(494,'ENC2019','ZUL0494','-','ZULA MATRIZ','0000-00-00','00:00:00','2018-04-02 09:36:41','TERMINADA',1,'-','Candelaria Mendez'),(495,'ENC2019','ZUL0495','-','ZULA MATRIZ','0000-00-00','00:00:00','2018-04-02 09:47:10','TERMINADA',1,'-','Candelaria Mendez'),(496,'ENC2019','ZUL0496','-','ZULA MATRIZ','0000-00-00','00:00:00',NULL,'INCOMPLETA',0,'-','Candelaria Mendez'),(497,'ENC2019','ZUL0497','-','ZULA MATRIZ','0000-00-00','00:00:00',NULL,'INCOMPLETA',0,'-','Candelaria Mendez'),(498,'ENC2019','ZUL0498','-','ZULA MATRIZ','0000-00-00','00:00:00','2018-03-30 08:54:04','TERMINADA',1,'-','Candelaria Mendez'),(499,'ENC2019','ZUL0499','-','ZULA MATRIZ','0000-00-00','00:00:00',NULL,'INCOMPLETA',1,'-','Candelaria Mendez'),(500,'ENC2019','ZUL0500','-','ZULA MATRIZ','0000-00-00','00:00:00','2018-04-02 10:04:52','TERMINADA',1,'-','Candelaria Mendez'),(501,'ENC2019','ZUL0501','-','ZULA MATRIZ','0000-00-00','00:00:00',NULL,'INCOMPLETA',1,'-','Candelaria Mendez'),(502,'ENC2019','ZUL0502','-','ZULA MATRIZ','0000-00-00','00:00:00',NULL,'INCOMPLETA',1,'-','Candelaria Mendez'),(503,'ENC2019','ZUL0503','-','ZULA MATRIZ','0000-00-00','00:00:00',NULL,'INCOMPLETA',1,'-','Candelaria Mendez'),(504,'ENC2019','ZUL0504','-','ZULA MATRIZ','0000-00-00','00:00:00','2018-03-30 09:34:31','TERMINADA',1,'-','Candelaria Mendez'),(505,'ENC2019','ZUL0505','-','ZULA MATRIZ','0000-00-00','00:00:00',NULL,'INCOMPLETA',1,'-','Candelaria Mendez'),(506,'ENC2019','ZUL0506','-','ZULA MATRIZ','0000-00-00','00:00:00',NULL,'INCOMPLETA',1,'-','Candelaria Mendez'),(507,'ENC2019','ZUL0507','-','ZULA MATRIZ','0000-00-00','00:00:00','2018-04-02 10:36:23','TERMINADA',1,'-','Candelaria Mendez'),(508,'ENC2019','ZUL0508','-','ZULA MATRIZ','0000-00-00','00:00:00',NULL,'INCOMPLETA',1,'-','Candelaria Mendez'),(509,'ENC2019','ZUL0509','-','ZULA MATRIZ','0000-00-00','00:00:00','2018-04-02 10:52:24','TERMINADA',1,'-','Candelaria Mendez'),(510,'ENC2019','ZUL0510','-','ZULA MATRIZ','0000-00-00','00:00:00','2018-04-02 11:09:40','TERMINADA',1,'-','Candelaria Mendez'),(511,'ENC2019','ZUL0511','-','ZULA MATRIZ','0000-00-00','00:00:00','2018-04-02 11:27:47','TERMINADA',1,'-','Candelaria Mendez'),(512,'ENC2019','ZUL0512','-','ZULA MATRIZ','0000-00-00','00:00:00','2018-04-02 11:45:00','TERMINADA',1,'-','Candelaria Mendez'),(513,'ENC2019','ZUL0513','-','ZULA MATRIZ','0000-00-00','00:00:00','2018-04-02 12:07:32','TERMINADA',1,'-','Candelaria Mendez'),(514,'ENC2019','ZUL0514','-','ZULA MATRIZ','0000-00-00','00:00:00','2018-04-02 12:38:22','TERMINADA',1,'-','Candelaria Mendez'),(515,'ENC2019','ZUL0515','-','ZULA MATRIZ','0000-00-00','00:00:00','2018-04-02 13:41:05','TERMINADA',1,'-','Candelaria Mendez'),(516,'ENC2019','ZUL0516','-','ZULA MATRIZ','0000-00-00','00:00:00','2018-04-02 15:48:43','TERMINADA',1,'-','Candelaria Mendez'),(517,'ENC2019','ZUL0517','-','ZULA MATRIZ','0000-00-00','00:00:00','2018-04-03 10:15:24','TERMINADA',1,'-','Candelaria Mendez'),(518,'ENC2019','ZUL0518','-','ZULA MATRIZ','0000-00-00','00:00:00','2018-04-03 10:38:25','TERMINADA',1,'-','Candelaria Mendez'),(519,'ENC2019','ZUL0519','-','ZULA MATRIZ','0000-00-00','00:00:00','2018-04-03 10:54:31','TERMINADA',1,'-','Candelaria Mendez'),(520,'ENC2019','ZUL0520','-','ZULA MATRIZ','0000-00-00','00:00:00','2018-04-03 11:07:35','TERMINADA',1,'-','Candelaria Mendez'),(521,'ENC2019','ZUL0521','-','ZULA MATRIZ','0000-00-00','00:00:00','2018-04-03 11:28:24','TERMINADA',1,'-','Candelaria Mendez'),(522,'ENC2019','ZUL0522','-','ZULA MATRIZ','0000-00-00','00:00:00','2018-04-03 11:44:34','TERMINADA',1,'-','Candelaria Mendez'),(523,'ENC2019','ZUL0523','-','ZULA MATRIZ','0000-00-00','00:00:00','2018-04-03 12:06:26','TERMINADA',1,'-','Candelaria Mendez'),(524,'ENC2019','ZUL0524','-','ZULA MATRIZ','0000-00-00','00:00:00','2018-04-03 12:25:20','TERMINADA',1,'-','Candelaria Mendez'),(525,'ENC2019','ZUL0525','-','ZULA MATRIZ','0000-00-00','00:00:00','2018-04-03 12:40:45','TERMINADA',1,'-','Candelaria Mendez'),(526,'ENC2019','ZUL0526','-','ZULA MATRIZ','0000-00-00','00:00:00','2018-04-03 13:01:08','TERMINADA',1,'-','Candelaria Mendez'),(527,'ENC2019','ZUL0527','-','ZULA MATRIZ','0000-00-00','00:00:00','2018-04-05 08:46:06','TERMINADA',1,'-','Candelaria Mendez'),(528,'ENC2019','ZUL0528','-','ZULA MATRIZ','0000-00-00','00:00:00',NULL,'INCOMPLETA',1,'-','Candelaria Mendez'),(529,'ENC2019','ZUL0529','-','ZULA MATRIZ','0000-00-00','00:00:00','2018-04-05 09:19:38','TERMINADA',1,'-','Candelaria Mendez'),(530,'ENC2019','ZUL0530','-','ZULA MATRIZ','0000-00-00','00:00:00','2018-04-05 09:55:49','TERMINADA',1,'-','Candelaria Mendez'),(531,'ENC2019','ZUL0531','-','ZULA MATRIZ','0000-00-00','00:00:00','2018-04-05 10:18:20','TERMINADA',1,'-','Candelaria Mendez'),(532,'ENC2019','ZUL0532','-','ZULA MATRIZ','0000-00-00','00:00:00','2018-04-05 10:46:32','TERMINADA',1,'-','Candelaria Mendez'),(533,'ENC2019','ZUL0533','-','ZULA MATRIZ','0000-00-00','00:00:00','2018-04-05 11:13:50','TERMINADA',1,'-','Candelaria Mendez'),(534,'ENC2019','ZUL0534','-','ZULA MATRIZ','0000-00-00','00:00:00','2018-04-05 11:55:24','TERMINADA',1,'-','Candelaria Mendez'),(535,'ENC2019','ZUL0535','-','ZULA MATRIZ','0000-00-00','00:00:00','2018-04-05 12:39:07','TERMINADA',1,'-','Candelaria Mendez'),(536,'ENC2019','ZUL0536','-','ZULA MATRIZ','0000-00-00','00:00:00','2018-04-05 12:59:41','TERMINADA',1,'-','Candelaria Mendez'),(537,'ENC2019','ZUL0537','-','ZULA MATRIZ','0000-00-00','00:00:00','2018-04-05 13:32:33','TERMINADA',1,'-','Candelaria Mendez'),(538,'ENC2019','ZUL0538','-','ZULA MATRIZ','0000-00-00','00:00:00','2018-04-04 13:35:02','TERMINADA',1,'-','Candelaria Mendez'),(539,'ENC2019','ZUL0539','-','ZULA MATRIZ','0000-00-00','00:00:00','2018-04-04 12:51:09','TERMINADA',1,'-','Candelaria Mendez'),(540,'ENC2019','ZUL0540','-','ZULA MATRIZ','0000-00-00','00:00:00','2018-04-04 12:10:26','TERMINADA',1,'-','Candelaria Mendez'),(541,'ENC2019','ZUL0541','-','ZULA MATRIZ','0000-00-00','00:00:00','2018-04-04 11:36:18','TERMINADA',1,'-','Candelaria Mendez'),(542,'ENC2019','ZUL0542','-','ZULA MATRIZ','0000-00-00','00:00:00','2018-04-04 11:08:46','TERMINADA',1,'-','Candelaria Mendez'),(543,'ENC2019','ZUL0543','-','ZULA MATRIZ','0000-00-00','00:00:00','2018-04-04 10:37:20','TERMINADA',1,'-','Candelaria Mendez'),(544,'ENC2019','ZUL0544','-','ZULA MATRIZ','0000-00-00','00:00:00','2018-04-04 10:08:37','TERMINADA',1,'-','Candelaria Mendez'),(545,'ENC2019','ZUL0545','-','ZULA MATRIZ','0000-00-00','00:00:00','2018-04-04 09:05:20','TERMINADA',1,'-','Candelaria Mendez'),(546,'ENC2019','FER0546','-','FERRETERIA','0000-00-00','00:00:00','2018-03-21 10:10:22','TERMINADA',1,'-','Candelaria Mendez'),(547,'ENC2019','FER0547','-','FERRETERIA','0000-00-00','00:00:00','2018-03-20 17:51:46','TERMINADA',1,'-','Candelaria Mendez'),(548,'ENC2019','FER0548','-','FERRETERIA','0000-00-00','00:00:00','2018-03-27 18:34:36','TERMINADA',1,'-','Candelaria Mendez'),(549,'ENC2019','FER0549','-','FERRETERIA','0000-00-00','00:00:00',NULL,'INCOMPLETA',1,'-','Candelaria Mendez'),(550,'ENC2019','FER0550','-','FERRETERIA','0000-00-00','00:00:00',NULL,'INCOMPLETA',1,'-','Candelaria Mendez'),(551,'ENC2019','FER0551','-','FERRETERIA','0000-00-00','00:00:00','2018-03-20 19:50:06','TERMINADA',1,'-','Candelaria Mendez'),(552,'ENC2019','FER0552','-','FERRETERIA','0000-00-00','00:00:00','2018-03-21 12:39:16','TERMINADA',1,'-','Candelaria Mendez'),(553,'ENC2019','FER0553','-','FERRETERIA','0000-00-00','00:00:00',NULL,'INCOMPLETA',1,'-','Candelaria Mendez'),(554,'ENC2019','FER0554','-','FERRETERIA','0000-00-00','00:00:00','2018-03-27 17:50:46','TERMINADA',1,'-','Candelaria Mendez'),(555,'ENC2019','FER0555','-','FERRETERIA','0000-00-00','00:00:00','2018-03-27 13:43:41','TERMINADA',1,'-','Candelaria Mendez'),(556,'ENC2019','FER0556','-','FERRETERIA','0000-00-00','00:00:00',NULL,'INCOMPLETA',1,'-','Candelaria Mendez'),(557,'ENC2019','FER0557','-','FERRETERIA','0000-00-00','00:00:00','2018-03-20 19:12:29','TERMINADA',1,'-','Candelaria Mendez'),(558,'ENC2019','FER0558','-','FERRETERIA','0000-00-00','00:00:00','2018-03-26 18:06:45','TERMINADA',1,'-','Candelaria Mendez'),(559,'ENC2019','FER0559','-','FERRETERIA','0000-00-00','00:00:00',NULL,'INCOMPLETA',1,'-','Candelaria Mendez'),(560,'ENC2019','FER0560','-','FERRETERIA','0000-00-00','00:00:00','2018-03-27 10:03:04','TERMINADA',1,'-','Candelaria Mendez'),(561,'ENC2019','ACE0561','-','ACERO FLETES','0000-00-00','00:00:00','2018-03-20 18:20:02','TERMINADA',1,'-','Candelaria Mendez'),(562,'ENC2019','MUN0562','-','MUNDO TRUCK','0000-00-00','00:00:00','2018-04-02 13:00:11','TERMINADA',1,'-','Candelaria Mendez'),(563,'ENC2019','MUN0563','-','MUNDO TRUCK','0000-00-00','00:00:00','2018-04-13 20:16:26','TERMINADA',1,'-','Candelaria Mendez'),(564,'ENC2019','MUN0564','-','MUNDO TRUCK','0000-00-00','00:00:00',NULL,'INCOMPLETA',1,'-','Candelaria Mendez'),(565,'ENC2019','MUN0565','-','MUNDO TRUCK','0000-00-00','00:00:00','2018-04-13 16:43:10','TERMINADA',1,'-','Candelaria Mendez'),(566,'ENC2019','MUN0566','-','MUNDO TRUCK','0000-00-00','00:00:00',NULL,'INCOMPLETA',1,'-','Candelaria Mendez'),(567,'ENC2019','MUN0567','-','MUNDO TRUCK','0000-00-00','00:00:00',NULL,'INCOMPLETA',1,'-','Candelaria Mendez'),(568,'ENC2019','MUN0568','-','MUNDO TRUCK','0000-00-00','00:00:00',NULL,'INCOMPLETA',1,'-','Candelaria Mendez'),(569,'ENC2019','MUN0569','-','MUNDO TRUCK','0000-00-00','00:00:00',NULL,'INCOMPLETA',1,'-','Candelaria Mendez'),(570,'ENC2019','MUN0570','-','MUNDO TRUCK','0000-00-00','00:00:00',NULL,'INCOMPLETA',1,'-','Candelaria Mendez'),(571,'ENC2019','MUN0571','-','MUNDO TRUCK','0000-00-00','00:00:00',NULL,'INCOMPLETA',1,'-','Candelaria Mendez'),(572,'ENC2019','MUN0572','-','MUNDO TRUCK','0000-00-00','00:00:00',NULL,'INCOMPLETA',1,'-','Candelaria Mendez'),(573,'ENC2019','MUN0573','-','MUNDO TRUCK','0000-00-00','00:00:00',NULL,'INCOMPLETA',1,'-','Candelaria Mendez'),(574,'ENC2019','MUN0574','-','MUNDO TRUCK','0000-00-00','00:00:00',NULL,'INCOMPLETA',1,'-','Candelaria Mendez'),(575,'ENC2019','MUN0575','-','MUNDO TRUCK','0000-00-00','00:00:00',NULL,'INCOMPLETA',1,'-','Candelaria Mendez'),(576,'ENC2019','MUN0576','-','MUNDO TRUCK','0000-00-00','00:00:00',NULL,'INCOMPLETA',1,'-','Candelaria Mendez'),(577,'ENC2019','MUN0577','-','MUNDO TRUCK','0000-00-00','00:00:00',NULL,'INCOMPLETA',1,'-','Candelaria Mendez'),(578,'ENC2019','MUN0578','-','MUNDO TRUCK','0000-00-00','00:00:00',NULL,'INCOMPLETA',1,'-','Candelaria Mendez'),(579,'ENC2019','MUN0579','-','MUNDO TRUCK','0000-00-00','00:00:00',NULL,'INCOMPLETA',1,'-','Candelaria Mendez'),(580,'ENC2019','MUN0580','-','MUNDO TRUCK','0000-00-00','00:00:00',NULL,'INCOMPLETA',1,'-','Candelaria Mendez'),(581,'ENC2019','MUN0581','-','MUNDO TRUCK','0000-00-00','00:00:00',NULL,'INCOMPLETA',1,'-','Candelaria Mendez'),(582,'ENC2019','IMP0582','-','IMPORTACION','0000-00-00','00:00:00',NULL,'INCOMPLETA',1,'-','Candelaria Mendez'),(583,'ENC2019','IMP0583','-','IMPORTACION','0000-00-00','00:00:00',NULL,'INCOMPLETA',1,'-','Candelaria Mendez'),(584,'ENC2019','ARR0584','-','ARRENDADORA','0000-00-00','00:00:00',NULL,'INCOMPLETA',1,'-','Candelaria Mendez'),(585,'ENC2019','ARR0585','-','ARRENDADORA','0000-00-00','00:00:00',NULL,'INCOMPLETA',1,'-','Candelaria Mendez'),(586,'ENC2019','ARR0586','-','ARRENDADORA','0000-00-00','00:00:00','2018-04-08 21:07:47','TERMINADA',1,'-','Candelaria Mendez'),(587,'ENC2019','MOR0587','-','MORELIA','0000-00-00','00:00:00',NULL,'INCOMPLETA',1,'-','Candelaria Mendez'),(588,'ENC2019','MOR0588','-','MORELIA','0000-00-00','00:00:00',NULL,'INCOMPLETA',1,'-','Candelaria Mendez'),(589,'ENC2019','MOR0589','-','MORELIA','0000-00-00','00:00:00',NULL,'INCOMPLETA',1,'-','Candelaria Mendez'),(590,'ENC2019','MOR0590','-','MORELIA','0000-00-00','00:00:00',NULL,'INCOMPLETA',1,'-','Candelaria Mendez'),(591,'ENC2019','MOR0591','-','MORELIA','0000-00-00','00:00:00','2018-03-27 19:05:40','INICIADA',0,'-','Candelaria Mendez'),(592,'ENC2019','MOR0592','-','MORELIA','0000-00-00','00:00:00',NULL,'INCOMPLETA',1,'-','Candelaria Mendez'),(593,'ENC2019','MOR0593','-','MORELIA','0000-00-00','00:00:00',NULL,'INCOMPLETA',1,'-','Candelaria Mendez'),(594,'ENC2019','MOR0594','-','MORELIA','0000-00-00','00:00:00',NULL,'INCOMPLETA',1,'-','Candelaria Mendez'),(595,'ENC2019','MOR0595','-','MORELIA','0000-00-00','00:00:00',NULL,'INCOMPLETA',1,'-','Candelaria Mendez'),(596,'ENC2019','MOR0596','-','MORELIA','0000-00-00','00:00:00',NULL,'INCOMPLETA',1,'-','Candelaria Mendez'),(597,'ENC2019','MOR0597','-','MORELIA','0000-00-00','00:00:00',NULL,'INCOMPLETA',1,'-','Candelaria Mendez'),(598,'ENC2019','MOR0598','-','MORELIA','0000-00-00','00:00:00',NULL,'INCOMPLETA',1,'-','Candelaria Mendez'),(599,'ENC2019','MOR0599','-','MORELIA','0000-00-00','00:00:00',NULL,'INCOMPLETA',1,'-','Candelaria Mendez'),(600,'ENC2019','MOR0600','-','MORELIA','0000-00-00','00:00:00',NULL,'INCOMPLETA',1,'-','Candelaria Mendez'),(601,'ENC2019','MOR0601','-','MORELIA','0000-00-00','00:00:00',NULL,'INCOMPLETA',1,'-','Candelaria Mendez'),(602,'ENC2019','MOR0602','-','MORELIA','0000-00-00','00:00:00',NULL,'INCOMPLETA',1,'-','Candelaria Mendez'),(603,'ENC2019','MOR0603','-','MORELIA','0000-00-00','00:00:00',NULL,'INCOMPLETA',1,'-','Candelaria Mendez'),(604,'ENC2019','MOR0604','-','MORELIA','0000-00-00','00:00:00',NULL,'INCOMPLETA',1,'-','Candelaria Mendez'),(605,'ENC2019','MOR0605','-','MORELIA','0000-00-00','00:00:00',NULL,'INCOMPLETA',1,'-','Candelaria Mendez'),(606,'ENC2019','MOR0606','-','MORELIA','0000-00-00','00:00:00',NULL,'INCOMPLETA',1,'-','Candelaria Mendez'),(607,'ENC2019','MOR0607','-','MORELIA','0000-00-00','00:00:00',NULL,'INCOMPLETA',1,'-','Candelaria Mendez'),(608,'ENC2019','MOR0608','-','MORELIA','0000-00-00','00:00:00',NULL,'INCOMPLETA',1,'-','Candelaria Mendez'),(609,'ENC2019','MOR0609','-','MORELIA','0000-00-00','00:00:00',NULL,'INCOMPLETA',1,'-','Candelaria Mendez'),(610,'ENC2019','LAZ0610','-','LAZARO CARDENAS','0000-00-00','00:00:00','2018-03-21 09:57:01','TERMINADA',1,'-','Candelaria Mendez'),(611,'ENC2019','LAZ0611','-','LAZARO CARDENAS','0000-00-00','00:00:00','2018-03-21 10:21:48','TERMINADA',1,'-','Candelaria Mendez'),(612,'ENC2019','LAZ0612','-','LAZARO CARDENAS','0000-00-00','00:00:00','2018-03-21 12:50:12','TERMINADA',1,'-','Candelaria Mendez'),(613,'ENC2019','LAZ0613','-','LAZARO CARDENAS','0000-00-00','00:00:00','2018-03-21 09:48:30','TERMINADA',1,'-','Candelaria Mendez'),(614,'ENC2019','LAZ0614','-','LAZARO CARDENAS','0000-00-00','00:00:00','2018-03-20 18:08:32','TERMINADA',1,'-','Candelaria Mendez'),(615,'ENC2019','LAZ0615','-','LAZARO CARDENAS','0000-00-00','00:00:00','2018-03-22 09:07:53','TERMINADA',1,'-','Candelaria Mendez'),(616,'ENC2019','LAZ0616','-','LAZARO CARDENAS','0000-00-00','00:00:00','2018-03-21 10:01:48','TERMINADA',1,'-','Candelaria Mendez'),(617,'ENC2019','LAZ0617','-','LAZARO CARDENAS','0000-00-00','00:00:00','2018-03-21 09:38:35','TERMINADA',1,'-','Candelaria Mendez'),(618,'ENC2019','LAZ0618','-','LAZARO CARDENAS','0000-00-00','00:00:00','2018-03-21 11:05:17','TERMINADA',1,'-','Candelaria Mendez'),(619,'ENC2019','LOP0619','-','LOPEZ MATEOS','0000-00-00','00:00:00','2018-03-24 13:53:26','TERMINADA',1,'-','Patricia Garcia'),(620,'ENC2019','LOP0620','-','LOPEZ MATEOS','0000-00-00','00:00:00','2018-04-16 17:08:56','TERMINADA',1,'-','Patricia Garcia'),(621,'ENC2019','LOP0621','-','LOPEZ MATEOS','0000-00-00','00:00:00','2018-04-16 17:13:29','TERMINADA',1,'-','Patricia Garcia'),(622,'ENC2019','LOP0622','-','LOPEZ MATEOS','0000-00-00','00:00:00','2018-04-16 16:23:59','TERMINADA',1,'-','Patricia Garcia'),(623,'ENC2019','LOP0623','-','LOPEZ MATEOS','0000-00-00','00:00:00',NULL,'BAJA',0,'-','Patricia Garcia'),(624,'ENC2019','LOP0624','-','LOPEZ MATEOS','0000-00-00','00:00:00','2018-04-16 16:39:54','TERMINADA',1,'-','Patricia Garcia'),(625,'ENC2019','LOP0625','-','LOPEZ MATEOS','0000-00-00','00:00:00','2018-03-27 12:54:40','TERMINADA',1,'-','Patricia Garcia'),(626,'ENC2019','LOP0626','-','LOPEZ MATEOS','0000-00-00','00:00:00','2018-03-16 09:47:41','TERMINADA',1,'-','Patricia Garcia'),(627,'ENC2019','LOP0627','-','LOPEZ MATEOS','0000-00-00','00:00:00','2018-04-16 16:58:41','TERMINADA',1,'-','Patricia Garcia'),(628,'ENC2019','CAR0628','-','CARR. A MORELIA','0000-00-00','00:00:00','2018-04-06 09:56:56','INICIADA',0,'-','Patricia Garcia'),(629,'ENC2019','CAR0629','-','CARR. A MORELIA','0000-00-00','00:00:00','2018-04-02 17:07:50','INICIADA',0,'-','Patricia Garcia'),(630,'ENC2019','CAR0630','-','CARR. A MORELIA','0000-00-00','00:00:00','2018-03-16 11:43:40','TERMINADA',1,'-','Patricia Garcia'),(631,'ENC2019','CAR0631','-','CARR. A MORELIA','0000-00-00','00:00:00',NULL,'BAJA',0,'-','Patricia Garcia'),(632,'ENC2019','CAR0632','-','CARR. A MORELIA','0000-00-00','00:00:00','2018-04-17 17:36:32','TERMINADA',1,'-','Patricia Garcia'),(633,'ENC2019','CAR0633','-','CARR. A MORELIA','0000-00-00','00:00:00','2018-03-26 00:31:08','TERMINADA',1,'-','Patricia Garcia'),(634,'ENC2019','CAR0634','-','CARR. A MORELIA','0000-00-00','00:00:00','2018-04-03 13:21:54','TERMINADA',1,'-','Patricia Garcia'),(635,'ENC2019','CAR0635','-','CARR. A MORELIA','0000-00-00','00:00:00','2018-03-24 13:49:41','TERMINADA',1,'-','Patricia Garcia'),(636,'ENC2019','CAR0636','-','CARR. A MORELIA','0000-00-00','00:00:00','2018-04-03 13:31:44','TERMINADA',1,'-','Patricia Garcia'),(637,'ENC2019','CAR0637','-','CARR. A MORELIA','0000-00-00','00:00:00','2018-03-24 14:15:24','TERMINADA',1,'-','Patricia Garcia'),(638,'ENC2019','CAR0638','-','CARR. A MORELIA','0000-00-00','00:00:00','2018-03-27 16:42:40','TERMINADA',1,'-','Patricia Garcia'),(639,'ENC2019','CAR0639','-','CARR. A MORELIA','0000-00-00','00:00:00','2018-03-27 14:08:29','TERMINADA',1,'-','Patricia Garcia'),(640,'ENC2019','CAR0640','-','CARR. A MORELIA','0000-00-00','00:00:00',NULL,'INCOMPLETA',1,'-','Patricia Garcia'),(641,'ENC2019','CAR0641','-','CARR. A MORELIA','0000-00-00','00:00:00','2018-03-16 11:53:47','TERMINADA',1,'-','Patricia Garcia'),(642,'ENC2019','CAR0642','-','CARR. A MORELIA','0000-00-00','00:00:00','2018-03-16 17:45:19','TERMINADA',1,'-','Patricia Garcia'),(643,'ENC2019','CAR0643','-','CARR. A MORELIA','0000-00-00','00:00:00',NULL,'BAJA',0,'-','Patricia Garcia'),(644,'ENC2019','COC0644','-','COCULA','0000-00-00','00:00:00','2018-03-24 13:33:21','TERMINADA',1,'-','Patricia Garcia'),(645,'ENC2019','COC0645','-','COCULA','0000-00-00','00:00:00','2018-04-04 11:33:29','TERMINADA',1,'-','Patricia Garcia'),(646,'ENC2019','COC0646','-','COCULA','0000-00-00','00:00:00','2018-03-16 13:54:21','TERMINADA',1,'-','Patricia Garcia'),(647,'ENC2019','COC0647','-','COCULA','0000-00-00','00:00:00','2018-03-16 17:32:02','TERMINADA',1,'-','Patricia Garcia'),(648,'ENC2019','COC0648','-','COCULA','0000-00-00','00:00:00','2018-04-04 11:44:00','TERMINADA',1,'-','Patricia Garcia'),(649,'ENC2019','COC0649','-','COCULA','0000-00-00','00:00:00','2018-04-05 10:05:06','TERMINADA',1,'-','Patricia Garcia'),(650,'ENC2019','COC0650','-','COCULA','0000-00-00','00:00:00','2018-04-04 13:33:20','TERMINADA',1,'-','Patricia Garcia'),(651,'ENC2019','COC0651','-','COCULA','0000-00-00','00:00:00','2018-04-05 10:16:52','TERMINADA',1,'-','Patricia Garcia'),(652,'ENC2019','COC0652','-','COCULA','0000-00-00','00:00:00','2018-03-20 18:29:44','TERMINADA',1,'-','Patricia Garcia'),(653,'ENC2019','COC0653','-','COCULA','0000-00-00','00:00:00','2018-04-05 10:25:43','TERMINADA',1,'-','Patricia Garcia'),(654,'ENC2019','COC0654','-','COCULA','0000-00-00','00:00:00','2018-04-05 10:35:08','TERMINADA',1,'-','Patricia Garcia'),(655,'ENC2019','COC0655','-','COCULA','0000-00-00','00:00:00','2018-04-05 10:46:14','TERMINADA',1,'-','Patricia Garcia'),(656,'ENC2019','COC0656','-','COCULA','0000-00-00','00:00:00','2018-04-05 12:12:46','TERMINADA',1,'-','Patricia Garcia'),(657,'ENC2019','COC0657','-','COCULA','0000-00-00','00:00:00',NULL,'INCOMPLETA',1,'-','Patricia Garcia'),(658,'ENC2019','CD.0658','-','CD. GUZMAN','0000-00-00','00:00:00','2018-04-05 11:50:11','TERMINADA',1,'-','Patricia Garcia'),(659,'ENC2019','CD.0659','-','CD. GUZMAN','0000-00-00','00:00:00','2018-04-13 15:43:43','TERMINADA',1,'-','Patricia Garcia'),(660,'ENC2019','CD.0660','-','CD. GUZMAN','0000-00-00','00:00:00','2018-04-18 15:38:53','TERMINADA',1,'-','Patricia Garcia'),(661,'ENC2019','CD.0661','-','CD. GUZMAN','0000-00-00','00:00:00',NULL,'INCOMPLETA',1,'-','Patricia Garcia'),(662,'ENC2019','CD.0662','-','CD. GUZMAN','0000-00-00','00:00:00',NULL,'INCOMPLETA',1,'-','Patricia Garcia'),(663,'ENC2019','CD.0663','-','CD. GUZMAN','0000-00-00','00:00:00',NULL,'INCOMPLETA',1,'-','Patricia Garcia'),(664,'ENC2019','CD.0664','-','CD. GUZMAN','0000-00-00','00:00:00','2018-04-13 16:13:44','TERMINADA',1,'-','Patricia Garcia'),(665,'ENC2019','CD.0665','-','CD. GUZMAN','0000-00-00','00:00:00',NULL,'INCOMPLETA',1,'-','Patricia Garcia'),(666,'ENC2019','CD.0666','-','CD. GUZMAN','0000-00-00','00:00:00','2018-04-16 16:31:18','TERMINADA',1,'-','Patricia Garcia'),(667,'ENC2019','CD.0667','-','CD. GUZMAN','0000-00-00','00:00:00',NULL,'INCOMPLETA',1,'-','Patricia Garcia'),(668,'ENC2019','CD.0668','-','CD. GUZMAN','0000-00-00','00:00:00','2018-04-13 15:53:45','TERMINADA',1,'-','Patricia Garcia'),(669,'ENC2019','CD.0669','-','CD. GUZMAN','0000-00-00','00:00:00','2018-03-21 12:25:24','TERMINADA',1,'-','Patricia Garcia'),(670,'ENC2019','PAT0670','-','PATRIA','0000-00-00','00:00:00','2018-03-16 19:43:10','TERMINADA',1,'-','Patricia Garcia'),(671,'ENC2019','PAT0671','-','PATRIA','0000-00-00','00:00:00','2018-03-24 14:00:59','TERMINADA',1,'-','Patricia Garcia'),(672,'ENC2019','PAT0672','-','PATRIA','0000-00-00','00:00:00','2018-03-24 12:36:41','TERMINADA',1,'-','Patricia Garcia'),(673,'ENC2019','PAT0673','-','PATRIA','0000-00-00','00:00:00','2018-03-17 09:44:05','TERMINADA',1,'-','Patricia Garcia'),(674,'ENC2019','PAT0674','-','PATRIA','0000-00-00','00:00:00','2018-03-22 09:47:44','TERMINADA',1,'-','Patricia Garcia'),(675,'ENC2019','PAT0675','-','PATRIA','0000-00-00','00:00:00','2018-03-16 17:48:55','TERMINADA',1,'-','Patricia Garcia'),(676,'ENC2019','PAT0676','-','PATRIA','0000-00-00','00:00:00','2018-04-23 10:47:15','TERMINADA',1,'-','Patricia Garcia'),(677,'ENC2019','CIR0677','-','CIRCUNVALACION','0000-00-00','00:00:00','2018-03-22 16:37:48','TERMINADA',1,'-','Patricia Garcia'),(678,'ENC2019','CIR0678','-','CIRCUNVALACION','0000-00-00','00:00:00',NULL,'BAJA',0,'-','Patricia Garcia'),(679,'ENC2019','CIR0679','-','CIRCUNVALACION','0000-00-00','00:00:00','2018-04-13 15:38:32','TERMINADA',1,'-','Patricia Garcia'),(680,'ENC2019','CIR0680','-','CIRCUNVALACION','0000-00-00','00:00:00','2018-04-13 15:25:13','TERMINADA',1,'-','Patricia Garcia'),(681,'ENC2019','CIR0681','-','CIRCUNVALACION','0000-00-00','00:00:00','2018-04-13 15:20:14','TERMINADA',1,'-','Patricia Garcia'),(682,'ENC2019','CIR0682','-','CIRCUNVALACION','0000-00-00','00:00:00','2018-04-13 15:07:58','TERMINADA',1,'-','Patricia Garcia'),(683,'ENC2019','CIR0683','-','CIRCUNVALACION','0000-00-00','00:00:00','2018-03-26 12:37:06','TERMINADA',1,'-','Patricia Garcia'),(684,'ENC2019','CIR0684','-','CIRCUNVALACION','0000-00-00','00:00:00','2018-03-27 13:58:08','TERMINADA',1,'-','Patricia Garcia'),(685,'ENC2019','EL 0685','-','EL SALTO','0000-00-00','00:00:00','2018-03-24 14:49:36','TERMINADA',1,'-','Patricia Garcia'),(686,'ENC2019','EL 0686','-','EL SALTO','0000-00-00','00:00:00','2018-03-28 10:58:11','TERMINADA',1,'-','Patricia Garcia'),(687,'ENC2019','EL 0687','-','EL SALTO','0000-00-00','00:00:00','2018-03-28 20:15:43','TERMINADA',1,'-','Patricia Garcia'),(688,'ENC2019','EL 0688','-','EL SALTO','0000-00-00','00:00:00','2018-03-24 13:50:23','TERMINADA',1,'-','Patricia Garcia'),(689,'ENC2019','EL 0689','-','EL SALTO','0000-00-00','00:00:00','2018-03-23 19:24:23','TERMINADA',1,'-','Patricia Garcia'),(690,'ENC2019','EL 0690','-','EL SALTO','0000-00-00','00:00:00','2018-03-23 14:20:41','TERMINADA',1,'-','Patricia Garcia'),(691,'ENC2019','EL 0691','-','EL SALTO','0000-00-00','00:00:00','2018-03-23 16:04:44','TERMINADA',1,'-','Patricia Garcia'),(692,'ENC2019','EL 0692','-','EL SALTO','0000-00-00','00:00:00','2018-03-23 16:07:06','TERMINADA',1,'-','Patricia Garcia'),(693,'ENC2019','TES0693','-','TESISTAN','0000-00-00','00:00:00','2018-03-27 18:50:45','INICIADA',0,'-','Patricia Garcia'),(694,'ENC2019','TES0694','-','TESISTAN','0000-00-00','00:00:00','2018-03-27 13:47:24','TERMINADA',1,'-','Patricia Garcia'),(695,'ENC2019','TES0695','-','TESISTAN','0000-00-00','00:00:00',NULL,'INCOMPLETA',1,'-','Patricia Garcia'),(696,'ENC2019','TES0696','-','TESISTAN','0000-00-00','00:00:00',NULL,'INCOMPLETA',1,'-','Patricia Garcia'),(697,'ENC2019','TES0697','-','TESISTAN','0000-00-00','00:00:00',NULL,'INCOMPLETA',1,'-','Patricia Garcia'),(698,'ENC2019','TES0698','-','TESISTAN','0000-00-00','00:00:00','2018-03-28 13:32:40','TERMINADA',1,'-','Patricia Garcia'),(699,'ENC2019','TES0699','-','TESISTAN','0000-00-00','00:00:00','2018-03-27 14:02:35','INICIADA',0,'-','Patricia Garcia'),(700,'ENC2019','GAO0700','-','GAO','0000-00-00','00:00:00','2018-04-03 12:27:46','TERMINADA',1,'-','Patricia Garcia'),(701,'ENC2019','GAO0701','-','GAO','0000-00-00','00:00:00','2018-04-03 09:20:57','TERMINADA',1,'-','Patricia Garcia'),(702,'ENC2019','GAO0702','-','GAO','0000-00-00','00:00:00','2018-03-23 17:50:40','TERMINADA',1,'-','Patricia Garcia'),(703,'ENC2019','GAO0703','-','GAO','0000-00-00','00:00:00','2018-03-24 13:53:28','TERMINADA',1,'-','Patricia Garcia'),(704,'ENC2019','GAO0704','-','GAO','0000-00-00','00:00:00','2018-03-27 11:12:06','TERMINADA',1,'-','Patricia Garcia'),(705,'ENC2019','GAO0705','-','GAO','0000-00-00','00:00:00','2018-04-09 18:25:14','TERMINADA',1,'-','Patricia Garcia'),(706,'ENC2019','GAO0706','-','GAO','0000-00-00','00:00:00','2018-04-07 14:01:39','INICIADA',0,'-','Patricia Garcia'),(707,'ENC2019','GAO0707','-','GAO','0000-00-00','00:00:00','2018-03-24 11:01:33','TERMINADA',1,'-','Patricia Garcia'),(708,'ENC2019','GAO0708','-','GAO','0000-00-00','00:00:00','2018-04-03 08:54:44','TERMINADA',1,'-','Patricia Garcia'),(709,'ENC2019','GAO0709','-','GAO','0000-00-00','00:00:00','2018-04-09 18:34:43','TERMINADA',1,'-','Patricia Garcia'),(710,'ENC2019','GAO0710','-','GAO','0000-00-00','00:00:00','2018-03-15 16:37:36','TERMINADA',1,'-','Patricia Garcia'),(711,'ENC2019','GAO0711','-','GAO','0000-00-00','00:00:00','2018-03-16 11:24:03','TERMINADA',1,'-','Patricia Garcia'),(712,'ENC2019','GAO0712','-','GAO','0000-00-00','00:00:00','2018-03-17 13:57:22','TERMINADA',1,'-','Patricia Garcia'),(713,'ENC2019','GAO0713','-','GAO','0000-00-00','00:00:00','2018-04-10 17:27:04','TERMINADA',1,'-','Patricia Garcia'),(714,'ENC2019','GAO0714','-','GAO','0000-00-00','00:00:00','2018-03-17 13:37:01','TERMINADA',1,'-','Patricia Garcia'),(715,'ENC2019','GAO0715','-','GAO','0000-00-00','00:00:00','2018-03-22 12:50:27','TERMINADA',1,'-','Patricia Garcia'),(716,'ENC2019','GAO0716','-','GAO','0000-00-00','00:00:00','2018-03-27 10:17:14','TERMINADA',1,'-','Patricia Garcia'),(717,'ENC2019','GAO0717','-','GAO','0000-00-00','00:00:00','2018-04-02 13:16:12','TERMINADA',1,'-','Patricia Garcia'),(718,'ENC2019','GAO0718','-','GAO','0000-00-00','00:00:00','2018-03-17 13:23:46','TERMINADA',1,'-','Patricia Garcia'),(719,'ENC2019','GAO0719','-','GAO','0000-00-00','00:00:00','2018-03-27 11:31:53','TERMINADA',1,'-','Patricia Garcia'),(720,'ENC2019','GAO0720','-','GAO','0000-00-00','00:00:00','2018-04-06 14:03:43','TERMINADA',1,'-','Patricia Garcia'),(721,'ENC2019','GAO0721','-','GAO','0000-00-00','00:00:00','2018-04-03 09:54:27','TERMINADA',1,'-','Patricia Garcia'),(722,'ENC2019','GAO0722','-','GAO','0000-00-00','00:00:00','2018-03-16 18:57:25','TERMINADA',1,'-','Patricia Garcia'),(723,'ENC2019','GAO0723','-','GAO','0000-00-00','00:00:00','2018-03-24 12:15:11','TERMINADA',1,'-','Patricia Garcia'),(724,'ENC2019','GAO0724','-','GAO','0000-00-00','00:00:00','2018-04-02 13:19:44','TERMINADA',1,'-','Patricia Garcia'),(725,'ENC2019','GAO0725','-','GAO','0000-00-00','00:00:00','2018-04-16 16:01:52','TERMINADA',1,'-','Patricia Garcia'),(726,'ENC2019','GAO0726','-','GAO','0000-00-00','00:00:00','2018-03-24 13:57:26','TERMINADA',1,'-','Patricia Garcia'),(727,'ENC2019','GAO0727','-','GAO','0000-00-00','00:00:00','2018-04-13 10:12:19','TERMINADA',1,'-','Patricia Garcia'),(728,'ENC2019','GAO0728','-','GAO','0000-00-00','00:00:00','2018-03-24 10:47:18','TERMINADA',1,'-','Patricia Garcia'),(729,'ENC2019','GAO0729','-','GAO','0000-00-00','00:00:00','2018-03-24 10:57:40','TERMINADA',1,'-','Patricia Garcia'),(730,'ENC2019','GAO0730','-','GAO','0000-00-00','00:00:00','2018-04-02 16:50:06','TERMINADA',1,'-','Patricia Garcia'),(731,'ENC2019','GAO0731','-','GAO','0000-00-00','00:00:00','2018-03-24 13:53:55','TERMINADA',1,'-','Patricia Garcia'),(732,'ENC2019','GAO0732','-','GAO','0000-00-00','00:00:00','2018-04-02 16:12:17','TERMINADA',1,'-','Patricia Garcia'),(733,'ENC2019','GAO0733','-','GAO','0000-00-00','00:00:00','2018-04-06 17:19:44','TERMINADA',1,'-','Patricia Garcia'),(734,'ENC2019','GAO0734','-','GAO','0000-00-00','00:00:00','2018-03-17 13:27:48','TERMINADA',1,'-','Patricia Garcia'),(735,'ENC2019','GAO0735','-','GAO','0000-00-00','00:00:00',NULL,'BAJA',0,'-','Patricia Garcia'),(736,'ENC2019','GAO0736','-','GAO','0000-00-00','00:00:00','2018-03-15 11:30:15','TERMINADA',1,'-','Patricia Garcia'),(737,'ENC2019','GAO0737','-','GAO','0000-00-00','00:00:00',NULL,'BAJA',0,'-','Patricia Garcia'),(738,'ENC2019','GAO0738','-','GAO','0000-00-00','00:00:00',NULL,'BAJA',0,'-','Patricia Garcia'),(739,'ENC2019','GAO0739','-','GAO','0000-00-00','00:00:00','2018-04-18 13:48:40','TERMINADA',1,'-','Patricia Garcia'),(740,'ENC2019','GAO0740','-','GAO','0000-00-00','00:00:00','2018-03-23 16:39:02','TERMINADA',1,'-','Patricia Garcia'),(741,'ENC2019','GAO0741','-','GAO','0000-00-00','00:00:00','2018-04-11 18:29:03','TERMINADA',1,'-','Patricia Garcia'),(742,'ENC2019','GAO0742','-','GAO','0000-00-00','00:00:00','2018-04-03 16:14:08','TERMINADA',1,'-','Patricia Garcia'),(743,'ENC2019','GAO0743','-','GAO','0000-00-00','00:00:00','2018-04-16 12:27:03','TERMINADA',1,'-','Patricia Garcia'),(744,'ENC2019','GAO0744','-','GAO','0000-00-00','00:00:00','2018-04-13 17:27:09','TERMINADA',1,'-','Patricia Garcia'),(745,'ENC2019','GAO0745','-','GAO','0000-00-00','00:00:00','2018-03-27 11:38:38','TERMINADA',1,'-','Patricia Garcia'),(746,'ENC2019','GAO0746','-','GAO','0000-00-00','00:00:00','2018-04-13 19:08:59','TERMINADA',1,'-','Patricia Garcia'),(747,'ENC2019','GAO0747','-','GAO','0000-00-00','00:00:00','2018-03-27 12:52:31','TERMINADA',1,'-','Patricia Garcia'),(748,'ENC2019','GAO0748','-','GAO','0000-00-00','00:00:00','2018-04-03 10:25:33','TERMINADA',1,'-','Patricia Garcia'),(749,'ENC2019','GAO0749','-','GAO','0000-00-00','00:00:00','2018-03-27 11:10:03','TERMINADA',1,'-','Patricia Garcia'),(750,'ENC2019','GAO0750','-','GAO','0000-00-00','00:00:00','2018-04-16 15:12:44','TERMINADA',1,'-','Patricia Garcia'),(751,'ENC2019','GAO0751','-','GAO','0000-00-00','00:00:00','2018-04-16 15:29:13','TERMINADA',1,'-','Patricia Garcia'),(752,'ENC2019','GAO0752','-','GAO','0000-00-00','00:00:00','2018-04-02 10:38:41','TERMINADA',1,'-','Patricia Garcia'),(753,'ENC2019','GAO0753','-','GAO','0000-00-00','00:00:00','2018-04-02 13:15:27','TERMINADA',1,'-','Patricia Garcia'),(754,'ENC2019','GAO0754','-','GAO','0000-00-00','00:00:00','2018-03-27 18:17:28','TERMINADA',1,'-','Patricia Garcia'),(755,'ENC2019','GAO0755','-','GAO','0000-00-00','00:00:00','2018-03-27 17:34:34','TERMINADA',1,'-','Patricia Garcia'),(756,'ENC2019','GAO0756','-','GAO','0000-00-00','00:00:00','2018-04-16 14:47:39','TERMINADA',1,'-','Patricia Garcia'),(757,'ENC2019','GAO0757','-','GAO','0000-00-00','00:00:00','2018-04-02 10:22:44','TERMINADA',1,'-','Patricia Garcia'),(758,'ENC2019','GAO0758','-','GAO','0000-00-00','00:00:00','2018-03-27 16:47:04','TERMINADA',1,'-','Patricia Garcia'),(759,'ENC2019','GAO0759','-','GAO','0000-00-00','00:00:00',NULL,'BAJA',0,'-','Patricia Garcia'),(760,'ENC2019','GAO0760','-','GAO','0000-00-00','00:00:00','2018-04-17 13:14:15','TERMINADA',1,'-','Patricia Garcia'),(761,'ENC2019','AO0761','-','AO','0000-00-00','00:00:00',NULL,'INCOMPLETA',1,'-','Patricia Garcia'),(762,'ENC2019','LAM0762','-','LAMINAS DEL NORTE','0000-00-00','00:00:00','2018-04-23 15:52:12','INICIADA',0,'-','Johana Garcia'),(763,'ENC2019','LAM0763','-','LAMINAS DEL NORTE','0000-00-00','00:00:00','2018-03-22 11:45:55','TERMINADA',1,'-','Johana Garcia'),(764,'ENC2019','LAM0764','-','LAMINAS DEL NORTE','0000-00-00','00:00:00',NULL,'INCOMPLETA',1,'-','Johana Garcia'),(765,'ENC2019','LAM0765','-','LAMINAS DEL NORTE','0000-00-00','00:00:00','2018-03-17 12:02:19','TERMINADA',1,'-','Johana Garcia'),(766,'ENC2019','LAM0766','-','LAMINAS DEL NORTE','0000-00-00','00:00:00','2018-03-15 15:58:50','TERMINADA',1,'-','Johana Garcia'),(767,'ENC2019','LAM0767','-','LAMINAS DEL NORTE','0000-00-00','00:00:00','2018-04-23 15:22:12','TERMINADA',1,'-','Johana Garcia'),(768,'ENC2019','LAM0768','-','LAMINAS DEL NORTE','0000-00-00','00:00:00','2018-03-20 18:00:01','INICIADA',0,'-','Johana Garcia'),(769,'ENC2019','LAM0769','-','LAMINAS DEL NORTE','0000-00-00','00:00:00','2018-03-20 16:25:49','TERMINADA',1,'-','Johana Garcia'),(770,'ENC2019','LAM0770','-','LAMINAS DEL NORTE','0000-00-00','00:00:00','2018-04-23 14:36:08','TERMINADA',1,'-','Johana Garcia'),(771,'ENC2019','LAM0771','-','LAMINAS DEL NORTE','0000-00-00','00:00:00','2018-03-21 18:20:17','TERMINADA',1,'-','Johana Garcia'),(772,'ENC2019','LAM0772','-','LAMINAS DEL NORTE','0000-00-00','00:00:00','2018-04-18 08:51:02','TERMINADA',1,'-','Johana Garcia'),(773,'ENC2019','LAM0773','-','LAMINAS DEL NORTE','0000-00-00','00:00:00',NULL,'INCOMPLETA',1,'-','Johana Garcia'),(774,'ENC2019','LAM0774','-','LAMINAS DEL NORTE','0000-00-00','00:00:00','2018-04-18 09:06:44','TERMINADA',1,'-','Johana Garcia'),(775,'ENC2019','LAM0775','-','LAMINAS DEL NORTE','0000-00-00','00:00:00','2018-03-22 12:45:16','TERMINADA',1,'-','Johana Garcia'),(776,'ENC2019','LAM0776','-','LAMINAS DEL NORTE','0000-00-00','00:00:00','2018-03-15 18:24:30','TERMINADA',1,'-','Johana Garcia'),(777,'ENC2019','LAM0777','-','LAMINAS DEL NORTE','0000-00-00','00:00:00','2018-03-17 13:25:25','TERMINADA',1,'-','Johana Garcia'),(778,'ENC2019','LAM0778','-','LAMINAS DEL NORTE','0000-00-00','00:00:00','2018-03-15 17:44:15','TERMINADA',1,'-','Johana Garcia'),(779,'ENC2019','LAM0779','-','LAMINAS DEL NORTE','0000-00-00','00:00:00','2018-03-21 11:41:55','TERMINADA',1,'-','Johana Garcia'),(780,'ENC2019','LAM0780','-','LAMINAS DEL NORTE','0000-00-00','00:00:00','2018-03-15 15:22:25','TERMINADA',1,'-','Johana Garcia'),(781,'ENC2019','LAM0781','-','LAMINAS DEL NORTE','0000-00-00','00:00:00','2018-03-23 16:06:11','TERMINADA',1,'-','Johana Garcia'),(782,'ENC2019','LAM0782','-','LAMINAS DEL NORTE','0000-00-00','00:00:00','2018-04-23 15:52:50','TERMINADA',1,'-','Johana Garcia'),(783,'ENC2019','LAM0783','-','LAMINAS DEL NORTE','0000-00-00','00:00:00','2018-04-20 11:28:58','TERMINADA',1,'-','Johana Garcia'),(784,'ENC2019','LAM0784','-','LAMINAS DEL NORTE','0000-00-00','00:00:00','2018-03-23 11:52:48','TERMINADA',1,'-','Johana Garcia'),(785,'ENC2019','LAM0785','-','LAMINAS DEL NORTE','0000-00-00','00:00:00','2018-03-22 12:02:02','TERMINADA',1,'-','Johana Garcia'),(786,'ENC2019','LAM0786','-','LAMINAS DEL NORTE','0000-00-00','00:00:00','2018-04-23 14:13:15','TERMINADA',1,'-','Johana Garcia'),(787,'ENC2019','LAM0787','-','LAMINAS DEL NORTE','0000-00-00','00:00:00',NULL,'INCOMPLETA',1,'-','Johana Garcia'),(788,'ENC2019','LAM0788','-','LAMINAS DEL NORTE','0000-00-00','00:00:00','2018-03-16 17:05:18','TERMINADA',1,'-','Johana Garcia'),(789,'ENC2019','LAM0789','-','LAMINAS DEL NORTE','0000-00-00','00:00:00','2018-03-23 16:03:27','TERMINADA',1,'-','Johana Garcia'),(790,'ENC2019','LAM0790','-','LAMINAS DEL NORTE','0000-00-00','00:00:00','2018-04-16 17:30:53','TERMINADA',1,'-','Johana Garcia'),(791,'ENC2019','LAM0791','-','LAMINAS DEL NORTE','0000-00-00','00:00:00','2018-03-17 11:50:36','TERMINADA',1,'-','Johana Garcia'),(792,'ENC2019','LAM0792','-','LAMINAS DEL NORTE','0000-00-00','00:00:00','2018-04-18 10:03:51','TERMINADA',1,'-','Johana Garcia'),(793,'ENC2019','LAM0793','-','LAMINAS DEL NORTE','0000-00-00','00:00:00','2018-03-20 18:08:02','TERMINADA',1,'-','Johana Garcia'),(794,'ENC2019','LAM0794','-','LAMINAS DEL NORTE','0000-00-00','00:00:00','2018-03-23 15:29:26','TERMINADA',1,'-','Johana Garcia'),(795,'ENC2019','LAM0795','-','LAMINAS DEL NORTE','0000-00-00','00:00:00','2018-03-21 11:02:18','TERMINADA',1,'-','Johana Garcia'),(796,'ENC2019','LAM0796','-','LAMINAS DEL NORTE','0000-00-00','00:00:00','2018-03-16 15:45:54','TERMINADA',1,'-','Johana Garcia'),(797,'ENC2019','LAM0797','-','LAMINAS DEL NORTE','0000-00-00','00:00:00','2018-03-21 16:30:16','TERMINADA',1,'-','Johana Garcia'),(798,'ENC2019','LAM0798','-','LAMINAS DEL NORTE','0000-00-00','00:00:00','2018-03-17 11:49:25','TERMINADA',1,'-','Johana Garcia'),(799,'ENC2019','LAM0799','-','LAMINAS DEL NORTE','0000-00-00','00:00:00','2018-03-17 13:41:25','TERMINADA',1,'-','Johana Garcia'),(800,'ENC2019','LAM0800','-','LAMINAS DEL NORTE','0000-00-00','00:00:00','2018-03-20 11:37:20','TERMINADA',1,'-','Johana Garcia'),(801,'ENC2019','LAM0801','-','LAMINAS DEL NORTE','0000-00-00','00:00:00','2018-03-20 17:32:19','TERMINADA',1,'-','Johana Garcia'),(802,'ENC2019','LAM0802','-','LAMINAS DEL NORTE','0000-00-00','00:00:00','2018-03-20 16:45:31','TERMINADA',1,'-','Johana Garcia'),(803,'ENC2019','LAM0803','-','LAMINAS DEL NORTE','0000-00-00','00:00:00','2018-03-21 12:30:09','TERMINADA',1,'-','Johana Garcia'),(804,'ENC2019','LAM0804','-','LAMINAS DEL NORTE','0000-00-00','00:00:00','2018-03-23 11:49:38','TERMINADA',1,'-','Johana Garcia'),(805,'ENC2019','LAM0805','-','LAMINAS DEL NORTE','0000-00-00','00:00:00','2018-03-21 11:38:32','TERMINADA',1,'-','Johana Garcia'),(806,'ENC2019','LAM0806','-','LAMINAS DEL NORTE','0000-00-00','00:00:00','2018-03-21 16:25:48','TERMINADA',1,'-','Johana Garcia'),(807,'ENC2019','LAM0807','-','LAMINAS DEL NORTE','0000-00-00','00:00:00',NULL,'BAJA',0,'-','Johana Garcia'),(808,'ENC2019','COR0808','-','CORPORATIVO','0000-00-00','00:00:00','2018-03-26 11:19:45','TERMINADA',1,'-','Johana Garcia'),(809,'ENC2019','COR0809','-','CORPORATIVO','0000-00-00','00:00:00','2018-04-02 18:13:08','TERMINADA',1,'-','Johana Garcia'),(810,'ENC2019','COR0810','-','CORPORATIVO','0000-00-00','00:00:00','2018-03-16 10:25:10','TERMINADA',1,'-','Johana Garcia'),(811,'ENC2019','COR0811','-','CORPORATIVO','0000-00-00','00:00:00','2018-03-27 18:36:06','TERMINADA',1,'-','Johana Garcia'),(812,'ENC2019','COR0812','-','CORPORATIVO','0000-00-00','00:00:00','2018-04-06 17:08:15','TERMINADA',1,'-','Johana Garcia'),(813,'ENC2019','COR0813','-','CORPORATIVO','0000-00-00','00:00:00','2018-03-28 11:52:17','TERMINADA',1,'-','Johana Garcia'),(814,'ENC2019','COR0814','-','CORPORATIVO','0000-00-00','00:00:00','2018-03-26 12:28:13','TERMINADA',1,'-','Johana Garcia'),(815,'ENC2019','COR0815','-','CORPORATIVO','0000-00-00','00:00:00','2018-03-28 10:44:56','TERMINADA',1,'-','Johana Garcia'),(816,'ENC2019','COR0816','-','CORPORATIVO','0000-00-00','00:00:00','2018-04-06 11:45:34','TERMINADA',1,'-','Johana Garcia'),(817,'ENC2019','COR0817','-','CORPORATIVO','0000-00-00','00:00:00','2018-03-28 10:49:45','TERMINADA',1,'-','Johana Garcia'),(818,'ENC2019','COR0818','-','CORPORATIVO','0000-00-00','00:00:00','2018-03-20 12:55:33','TERMINADA',1,'-','Johana Garcia'),(819,'ENC2019','COR0819','-','CORPORATIVO','0000-00-00','00:00:00','2018-03-28 18:32:39','TERMINADA',1,'-','Johana Garcia'),(820,'ENC2019','COR0820','-','CORPORATIVO','0000-00-00','00:00:00','2018-03-16 17:14:55','TERMINADA',1,'-','Johana Garcia'),(821,'ENC2019','COR0821','-','CORPORATIVO','0000-00-00','00:00:00','2018-03-28 10:00:11','TERMINADA',1,'-','Johana Garcia'),(822,'ENC2019','COR0822','-','CORPORATIVO','0000-00-00','00:00:00','2018-03-16 13:59:52','TERMINADA',1,'-','Johana Garcia'),(823,'ENC2019','COR0823','-','CORPORATIVO','0000-00-00','00:00:00','2018-03-16 12:05:42','TERMINADA',1,'-','Johana Garcia'),(824,'ENC2019','COR0824','-','CORPORATIVO','0000-00-00','00:00:00','2018-03-16 11:32:27','TERMINADA',1,'-','Johana Garcia'),(825,'ENC2019','COR0825','-','CORPORATIVO','0000-00-00','00:00:00','2018-03-16 11:03:44','TERMINADA',1,'-','Johana Garcia'),(826,'ENC2019','COR0826','-','CORPORATIVO','0000-00-00','00:00:00','2018-03-16 11:25:56','TERMINADA',1,'-','Johana Garcia'),(827,'ENC2019','COR0827','-','CORPORATIVO','0000-00-00','00:00:00','2018-03-26 12:01:52','TERMINADA',1,'-','Johana Garcia'),(828,'ENC2019','COR0828','-','CORPORATIVO','0000-00-00','00:00:00','2018-03-20 09:51:25','TERMINADA',1,'-','Johana Garcia'),(829,'ENC2019','COR0829','-','CORPORATIVO','0000-00-00','00:00:00','2018-04-23 10:26:19','TERMINADA',1,'-','Johana Garcia'),(830,'ENC2019','COR0830','-','CORPORATIVO','0000-00-00','00:00:00','2018-03-23 09:56:43','TERMINADA',1,'-','Johana Garcia'),(831,'ENC2019','COR0831','-','CORPORATIVO','0000-00-00','00:00:00','2018-03-26 09:53:43','TERMINADA',1,'-','Johana Garcia'),(832,'ENC2019','COR0832','-','CORPORATIVO','0000-00-00','00:00:00','2018-03-16 13:35:29','TERMINADA',1,'-','Johana Garcia'),(833,'ENC2019','COR0833','-','CORPORATIVO','0000-00-00','00:00:00','2018-03-26 13:07:27','TERMINADA',1,'-','Johana Garcia'),(834,'ENC2019','COR0834','-','CORPORATIVO','0000-00-00','00:00:00','2018-04-05 11:25:00','TERMINADA',1,'-','Johana Garcia'),(835,'ENC2019','COR0835','-','CORPORATIVO','0000-00-00','00:00:00','2018-03-17 10:20:14','TERMINADA',1,'-','Johana Garcia'),(836,'ENC2019','COR0836','-','CORPORATIVO','0000-00-00','00:00:00','2018-03-26 20:14:27','TERMINADA',1,'-','Johana Garcia'),(837,'ENC2019','COR0837','-','CORPORATIVO','0000-00-00','00:00:00','2018-04-03 13:51:59','TERMINADA',1,'-','Johana Garcia'),(838,'ENC2019','COR0838','-','CORPORATIVO','0000-00-00','00:00:00','2018-04-02 16:35:44','TERMINADA',1,'-','Johana Garcia'),(839,'ENC2019','COR0839','-','CORPORATIVO','0000-00-00','00:00:00','2018-03-16 13:18:18','TERMINADA',1,'-','Johana Garcia'),(840,'ENC2019','COR0840','-','CORPORATIVO','0000-00-00','00:00:00','2018-03-23 11:28:09','TERMINADA',1,'-','Johana Garcia'),(841,'ENC2019','COR0841','-','CORPORATIVO','0000-00-00','00:00:00','2018-04-05 08:26:16','TERMINADA',1,'-','Johana Garcia'),(842,'ENC2019','COR0842','-','CORPORATIVO','0000-00-00','00:00:00','2018-04-05 17:14:04','TERMINADA',1,'-','Johana Garcia'),(843,'ENC2019','COR0843','-','CORPORATIVO','0000-00-00','00:00:00','2018-03-20 19:26:37','TERMINADA',1,'-','Johana Garcia'),(844,'ENC2019','COR0844','-','CORPORATIVO','0000-00-00','00:00:00','2018-04-19 11:51:14','INICIADA',0,'-','Johana Garcia'),(845,'ENC2019','COR0845','-','CORPORATIVO','0000-00-00','00:00:00','2018-03-16 11:18:30','TERMINADA',1,'-','Johana Garcia'),(846,'ENC2019','COR0846','-','CORPORATIVO','0000-00-00','00:00:00','2018-04-03 15:25:14','TERMINADA',1,'-','Johana Garcia'),(847,'ENC2019','COR0847','-','CORPORATIVO','0000-00-00','00:00:00','2018-03-16 11:26:51','TERMINADA',1,'-','Johana Garcia'),(848,'ENC2019','COR0848','-','CORPORATIVO','0000-00-00','00:00:00','2018-03-16 10:05:03','TERMINADA',1,'-','Johana Garcia'),(849,'ENC2019','COR0849','-','CORPORATIVO','0000-00-00','00:00:00','2018-03-27 18:09:22','TERMINADA',1,'-','Johana Garcia'),(850,'ENC2019','COR0850','-','CORPORATIVO','0000-00-00','00:00:00','2018-03-21 14:09:37','TERMINADA',1,'-','Johana Garcia'),(851,'ENC2019','COR0851','-','CORPORATIVO','0000-00-00','00:00:00','2018-04-02 16:17:36','TERMINADA',1,'-','Johana Garcia'),(852,'ENC2019','COR0852','-','CORPORATIVO','0000-00-00','00:00:00','2018-03-28 18:56:38','TERMINADA',1,'-','Johana Garcia'),(853,'ENC2019','FER0853','-','FERRO','0000-00-00','00:00:00','2018-04-17 08:19:06','TERMINADA',1,'-','Efran Ochoa'),(854,'ENC2019','FER0854','-','FERRO','0000-00-00','00:00:00','2018-03-28 13:48:36','TERMINADA',1,'-','Efran Ochoa'),(855,'ENC2019','FER0855','-','FERRO','0000-00-00','00:00:00','2018-04-17 08:32:16','TERMINADA',1,'-','Efran Ochoa'),(856,'ENC2019','FER0856','-','FERRO','0000-00-00','00:00:00','2018-04-17 11:13:45','TERMINADA',1,'-','Efran Ochoa'),(857,'ENC2019','FER0857','-','FERRO','0000-00-00','00:00:00','2018-03-22 14:22:54','TERMINADA',1,'-','Efran Ochoa'),(858,'ENC2019','FER0858','-','FERRO','0000-00-00','00:00:00','2018-04-17 11:32:57','TERMINADA',1,'-','Efran Ochoa'),(859,'ENC2019','FER0859','-','FERRO','0000-00-00','00:00:00','2018-03-28 17:27:10','TERMINADA',1,'-','Efran Ochoa'),(860,'ENC2019','FER0860','-','FERRO','0000-00-00','00:00:00','2018-04-03 08:31:42','TERMINADA',1,'-','Efran Ochoa'),(861,'ENC2019','FER0861','-','FERRO','0000-00-00','00:00:00','2018-04-03 08:59:30','TERMINADA',1,'-','Efran Ochoa'),(862,'ENC2019','FER0862','-','FERRO','0000-00-00','00:00:00','2018-04-03 09:09:24','TERMINADA',1,'-','Efran Ochoa'),(863,'ENC2019','FER0863','-','FERRO','0000-00-00','00:00:00','2018-04-03 09:17:33','TERMINADA',1,'-','Efran Ochoa'),(864,'ENC2019','FER0864','-','FERRO','0000-00-00','00:00:00','2018-04-03 09:25:43','TERMINADA',1,'-','Efran Ochoa'),(865,'ENC2019','FER0865','-','FERRO','0000-00-00','00:00:00','2018-04-03 09:33:24','TERMINADA',1,'-','Efran Ochoa'),(866,'ENC2019','FER0866','-','FERRO','0000-00-00','00:00:00','2018-04-22 20:15:04','TERMINADA',1,'-','Efran Ochoa'),(867,'ENC2019','FER0867','-','FERRO','0000-00-00','00:00:00','2018-04-03 09:54:21','TERMINADA',1,'-','Efran Ochoa'),(868,'ENC2019','FER0868','-','FERRO','0000-00-00','00:00:00','2018-04-03 10:26:14','TERMINADA',1,'-','Efran Ochoa'),(869,'ENC2019','FER0869','-','FERRO','0000-00-00','00:00:00','2018-04-03 10:36:28','TERMINADA',1,'-','Efran Ochoa'),(870,'ENC2019','FER0870','-','FERRO','0000-00-00','00:00:00','2018-04-03 10:46:55','TERMINADA',1,'-','Efran Ochoa'),(871,'ENC2019','FER0871','-','FERRO','0000-00-00','00:00:00','2018-04-03 10:55:48','TERMINADA',1,'-','Efran Ochoa'),(872,'ENC2019','FER0872','-','FERRO','0000-00-00','00:00:00','2018-04-03 11:03:53','TERMINADA',1,'-','Efran Ochoa'),(873,'ENC2019','FER0873','-','FERRO','0000-00-00','00:00:00','2018-03-31 18:10:59','INICIADA',0,'-','Efran Ochoa'),(874,'ENC2019','FER0874','-','FERRO','0000-00-00','00:00:00','2018-04-03 11:18:29','TERMINADA',1,'-','Efran Ochoa'),(875,'ENC2019','FER0875','-','FERRO','0000-00-00','00:00:00','2018-03-28 10:24:56','INICIADA',0,'-','Efran Ochoa'),(876,'ENC2019','FER0876','-','FERRO','0000-00-00','00:00:00','2018-04-03 11:24:39','TERMINADA',1,'-','Efran Ochoa'),(877,'ENC2019','FER0877','-','FERRO','0000-00-00','00:00:00','2018-04-22 20:26:26','TERMINADA',1,'-','Efran Ochoa'),(878,'ENC2019','FER0878','-','FERRO','0000-00-00','00:00:00','2018-04-03 11:36:57','TERMINADA',1,'-','Efran Ochoa'),(879,'ENC2019','FER0879','-','FERRO','0000-00-00','00:00:00','2018-03-23 07:57:21','INICIADA',0,'-','Efran Ochoa'),(880,'ENC2019','FER0880','-','FERRO','0000-00-00','00:00:00','2018-03-28 07:33:26','TERMINADA',1,'-','Efran Ochoa'),(881,'ENC2019','FER0881','-','FERRO','0000-00-00','00:00:00','2018-04-03 11:55:31','TERMINADA',1,'-','Efran Ochoa'),(882,'ENC2019','FER0882','-','FERRO','0000-00-00','00:00:00','2018-04-03 12:01:53','TERMINADA',1,'-','Efran Ochoa'),(883,'ENC2019','FER0883','-','FERRO','0000-00-00','00:00:00','2018-04-06 10:23:23','TERMINADA',1,'-','Efran Ochoa'),(884,'ENC2019','FER0884','-','FERRO','0000-00-00','00:00:00','2018-04-06 10:36:25','TERMINADA',1,'-','Efran Ochoa'),(885,'ENC2019','FER0885','-','FERRO','0000-00-00','00:00:00','2018-04-06 10:48:43','TERMINADA',1,'-','Efran Ochoa'),(886,'ENC2019','FER0886','-','FERRO','0000-00-00','00:00:00','2018-04-06 10:59:12','TERMINADA',1,'-','Efran Ochoa'),(887,'ENC2019','FER0887','-','FERRO','0000-00-00','00:00:00','2018-04-06 11:22:32','TERMINADA',1,'-','Efran Ochoa'),(888,'ENC2019','FER0888','-','FERRO','0000-00-00','00:00:00','2018-04-06 11:41:20','TERMINADA',1,'-','Efran Ochoa'),(889,'ENC2019','FER0889','-','FERRO','0000-00-00','00:00:00','2018-04-02 19:50:00','TERMINADA',1,'-','Efran Ochoa'),(890,'ENC2019','FER0890','-','FERRO','0000-00-00','00:00:00','2018-04-22 20:42:25','TERMINADA',1,'-','Efran Ochoa'),(891,'ENC2019','FER0891','-','FERRO','0000-00-00','00:00:00','2018-04-22 20:56:27','TERMINADA',1,'-','Efran Ochoa'),(892,'ENC2019','FER0892','-','FERRO','0000-00-00','00:00:00','2018-04-22 21:11:47','TERMINADA',1,'-','Efran Ochoa'),(893,'ENC2019','FER0893','-','FERRO','0000-00-00','00:00:00','2018-04-22 21:36:15','TERMINADA',1,'-','Efran Ochoa'),(894,'ENC2019','FER0894','-','FERRO','0000-00-00','00:00:00','2018-04-22 21:55:13','TERMINADA',1,'-','Efran Ochoa'),(895,'ENC2019','FER0895','-','FERRO','0000-00-00','00:00:00','2018-03-26 11:57:03','INICIADA',0,'-','Efran Ochoa'),(896,'ENC2019','FER0896','-','FERRO','0000-00-00','00:00:00','2018-04-22 22:01:25','TERMINADA',1,'-','Efran Ochoa'),(897,'ENC2019','FER0897','-','FERRO','0000-00-00','00:00:00','2018-04-22 22:14:42','TERMINADA',1,'-','Efran Ochoa'),(898,'ENC2019','FER0898','-','FERRO','0000-00-00','00:00:00','2018-03-23 08:49:00','INICIADA',0,'-','Efran Ochoa'),(899,'ENC2019','FER0899','-','FERRO','0000-00-00','00:00:00','2018-04-22 22:24:38','TERMINADA',1,'-','Efran Ochoa'),(900,'ENC2019','FER0900','-','FERRO','0000-00-00','00:00:00','2018-04-23 09:03:26','TERMINADA',1,'-','Efran Ochoa'),(901,'ENC2019','FER0901','-','FERRO','0000-00-00','00:00:00','2018-04-23 10:03:42','TERMINADA',1,'-','Efran Ochoa'),(902,'ENC2019','FER0902','-','FERRO','0000-00-00','00:00:00','2018-04-23 10:21:55','TERMINADA',1,'-','Efran Ochoa'),(903,'ENC2019','FER0903','-','FERRO','0000-00-00','00:00:00','2018-04-23 18:10:22','TERMINADA',1,'-','Efran Ochoa'),(904,'ENC2019','FER0904','-','FERRO','0000-00-00','00:00:00','2018-04-23 18:24:03','TERMINADA',1,'-','Efran Ochoa'),(905,'ENC2019','FER0905','-','FERRO','0000-00-00','00:00:00','2018-03-22 22:31:51','INICIADA',0,'-','Efran Ochoa'),(906,'ENC2019','FER0906','-','FERRO','0000-00-00','00:00:00','2018-04-23 18:30:41','TERMINADA',1,'-','Efran Ochoa'),(907,'ENC2019','FER0907','-','FERRO','0000-00-00','00:00:00','2018-04-23 18:35:39','TERMINADA',1,'-','Efran Ochoa'),(908,'ENC2019','FER0908','-','FERRO','0000-00-00','00:00:00','2018-04-23 18:43:03','TERMINADA',1,'-','Efran Ochoa'),(909,'ENC2019','FER0909','-','FERRO','0000-00-00','00:00:00','2018-04-23 18:55:01','TERMINADA',1,'-','Efran Ochoa'),(910,'ENC2019','FER0910','-','FERRO','0000-00-00','00:00:00','2018-04-23 19:00:06','TERMINADA',1,'-','Efran Ochoa'),(911,'ENC2019','FER0911','-','FERRO','0000-00-00','00:00:00','2018-04-23 19:09:05','TERMINADA',1,'-','Efran Ochoa'),(912,'ENC2019','FER0912','-','FERRO','0000-00-00','00:00:00','2018-04-23 19:14:01','TERMINADA',1,'-','Efran Ochoa'),(913,'ENC2019','FER0913','-','FERRO','0000-00-00','00:00:00','2018-04-23 19:19:35','TERMINADA',1,'-','Efran Ochoa'),(914,'ENC2019','FER0914','-','FERRO','0000-00-00','00:00:00','2018-04-23 19:25:18','TERMINADA',1,'-','Efran Ochoa'),(915,'ENC2019','FER0915','-','FERRO','0000-00-00','00:00:00','2018-04-23 19:34:59','TERMINADA',1,'-','Efran Ochoa'),(916,'ENC2019','FER0916','-','FERRO','0000-00-00','00:00:00','2018-04-23 19:37:57','TERMINADA',1,'-','Efran Ochoa'),(917,'ENC2019','FER0917','-','FERRO','0000-00-00','00:00:00','2018-04-23 19:43:03','TERMINADA',1,'-','Efran Ochoa'),(918,'ENC2019','FER0918','-','FERRO','0000-00-00','00:00:00',NULL,'BAJA',0,'-','Efran Ochoa'),(919,'ENC2019','FER0919','-','FERRO','0000-00-00','00:00:00',NULL,'BAJA',0,'-','Efran Ochoa'),(920,'ENC2019','FER0920','-','FERRO','0000-00-00','00:00:00','2018-03-28 17:46:34','TERMINADA',1,'-','Efran Ochoa'),(921,'ENC2019','FER0921','-','FERRO','0000-00-00','00:00:00','2018-04-13 18:15:05','TERMINADA',1,'-','Efran Ochoa'),(922,'ENC2019','FER0922','-','FERRO','0000-00-00','00:00:00','2018-04-13 18:08:32','TERMINADA',1,'-','Efran Ochoa'),(923,'ENC2019','FER0923','-','FERRO','0000-00-00','00:00:00','2018-04-13 17:55:17','TERMINADA',1,'-','Efran Ochoa'),(924,'ENC2019','FER0924','-','FERRO','0000-00-00','00:00:00','2018-04-13 17:44:27','TERMINADA',1,'-','Efran Ochoa'),(925,'ENC2019','FER0925','-','FERRO','0000-00-00','00:00:00','2018-04-13 17:33:34','TERMINADA',1,'-','Efran Ochoa'),(926,'ENC2019','FER0926','-','FERRO','0000-00-00','00:00:00','2018-04-13 14:00:57','TERMINADA',1,'-','Efran Ochoa'),(927,'ENC2019','FER0927','-','FERRO','0000-00-00','00:00:00','2018-04-13 13:53:11','TERMINADA',1,'-','Efran Ochoa'),(928,'ENC2019','FER0928','-','FERRO','0000-00-00','00:00:00','2018-04-13 13:45:00','TERMINADA',1,'-','Efran Ochoa'),(929,'ENC2019','FER0929','-','FERRO','0000-00-00','00:00:00','2018-04-13 13:37:51','TERMINADA',1,'-','Efran Ochoa'),(930,'ENC2019','FER0930','-','FERRO','0000-00-00','00:00:00','2018-03-22 16:00:29','TERMINADA',1,'-','Efran Ochoa'),(931,'ENC2019','FER0931','-','FERRO','0000-00-00','00:00:00','2018-04-13 12:56:25','TERMINADA',1,'-','Efran Ochoa'),(932,'ENC2019','FER0932','-','FERRO','0000-00-00','00:00:00',NULL,'BAJA',0,'-','Efran Ochoa'),(933,'ENC2019','FER0933','-','FERRO','0000-00-00','00:00:00','2018-04-13 12:44:10','TERMINADA',1,'-','Efran Ochoa'),(934,'ENC2019','FER0934','-','FERRO','0000-00-00','00:00:00','2018-03-22 17:52:26','TERMINADA',1,'-','Efran Ochoa'),(935,'ENC2019','FER0935','-','FERRO','0000-00-00','00:00:00','2018-04-13 12:33:45','TERMINADA',1,'-','Efran Ochoa'),(936,'ENC2019','FER0936','-','FERRO','0000-00-00','00:00:00','2018-04-13 12:07:11','TERMINADA',1,'-','Efran Ochoa'),(937,'ENC2019','FER0937','-','FERRO','0000-00-00','00:00:00','2018-04-13 11:58:18','TERMINADA',1,'-','Efran Ochoa'),(938,'ENC2019','FER0938','-','FERRO','0000-00-00','00:00:00','2018-04-13 11:51:26','TERMINADA',1,'-','Efran Ochoa'),(939,'ENC2019','FER0939','-','FERRO','0000-00-00','00:00:00','2018-04-13 11:41:49','TERMINADA',1,'-','Efran Ochoa'),(940,'ENC2019','FER0940','-','FERRO','0000-00-00','00:00:00','2018-04-13 11:26:37','TERMINADA',1,'-','Efran Ochoa'),(941,'ENC2019','FER0941','-','FERRO','0000-00-00','00:00:00',NULL,'BAJA',0,'-','Efran Ochoa'),(942,'ENC2019','FER0942','-','FERRO','0000-00-00','00:00:00','2018-04-13 11:18:44','TERMINADA',1,'-','Efran Ochoa'),(943,'ENC2019','FER0943','-','FERRO','0000-00-00','00:00:00','2018-04-08 18:40:00','TERMINADA',1,'-','Efran Ochoa'),(944,'ENC2019','FER0944','-','FERRO','0000-00-00','00:00:00','2018-03-28 18:02:08','TERMINADA',1,'-','Efran Ochoa'),(945,'ENC2019','FER0945','-','FERRO','0000-00-00','00:00:00','2018-04-08 18:09:47','TERMINADA',1,'-','Efran Ochoa'),(946,'ENC2019','FER0946','-','FERRO','0000-00-00','00:00:00','2018-04-08 17:46:15','TERMINADA',1,'-','Efran Ochoa'),(947,'ENC2019','FER0947','-','FERRO','0000-00-00','00:00:00','2018-04-08 17:12:50','TERMINADA',1,'-','Efran Ochoa'),(948,'ENC2019','FER0948','-','FERRO','0000-00-00','00:00:00','2018-04-08 16:10:13','TERMINADA',1,'-','Efran Ochoa'),(949,'ENC2019','FER0949','-','FERRO','0000-00-00','00:00:00','2018-04-08 15:59:13','TERMINADA',1,'-','Efran Ochoa'),(950,'ENC2019','FER0950','-','FERRO','0000-00-00','00:00:00','2018-04-08 15:26:11','TERMINADA',1,'-','Efran Ochoa'),(951,'ENC2019','FER0951','-','FERRO','0000-00-00','00:00:00','2018-04-08 15:03:09','TERMINADA',1,'-','Efran Ochoa'),(952,'ENC2019','FER0952','-','FERRO','0000-00-00','00:00:00','2018-04-08 14:38:57','TERMINADA',1,'-','Efran Ochoa'),(953,'ENC2019','FER0953','-','FERRO','0000-00-00','00:00:00','2018-04-08 13:41:17','TERMINADA',1,'-','Efran Ochoa'),(954,'ENC2019','FER0954','-','FERRO','0000-00-00','00:00:00','2018-04-08 13:33:23','TERMINADA',1,'-','Efran Ochoa'),(955,'ENC2019','FER0955','-','FERRO','0000-00-00','00:00:00','2018-04-02 19:57:31','TERMINADA',1,'-','Efran Ochoa'),(956,'ENC2019','FER0956','-','FERRO','0000-00-00','00:00:00','2018-04-08 11:36:48','TERMINADA',1,'-','Efran Ochoa'),(957,'ENC2019','FER0957','-','FERRO','0000-00-00','00:00:00','2018-04-06 13:19:50','TERMINADA',1,'-','Efran Ochoa'),(958,'ENC2019','FER0958','-','FERRO','0000-00-00','00:00:00','2018-04-06 13:21:29','TERMINADA',1,'-','Efran Ochoa'),(959,'ENC2019','GAO0959','-','GAO','0000-00-00','00:00:00','2018-03-24 11:37:11','TERMINADA',1,'-','Patricia Garcia');
/*!40000 ALTER TABLE `claves` ENABLE KEYS */;
UNLOCK TABLES;

--
-- Table structure for table `encuesta`
--

DROP TABLE IF EXISTS `encuesta`;
/*!40101 SET @saved_cs_client     = @@character_set_client */;
/*!40101 SET character_set_client = utf8 */;
CREATE TABLE `encuesta` (
  `cve_encuesta` varchar(10) NOT NULL,
  `descripcion` varchar(100) DEFAULT NULL,
  `fecha_inicio` date DEFAULT NULL,
  `activo` tinyint(1) DEFAULT '1',
  PRIMARY KEY (`cve_encuesta`)
) ENGINE=InnoDB DEFAULT CHARSET=latin1;
/*!40101 SET character_set_client = @saved_cs_client */;

--
-- Dumping data for table `encuesta`
--

LOCK TABLES `encuesta` WRITE;
/*!40000 ALTER TABLE `encuesta` DISABLE KEYS */;
INSERT INTO `encuesta` (`cve_encuesta`, `descripcion`, `fecha_inicio`, `activo`) VALUES ('ENC2019','Encuesta Iso LDN 2019','2019-01-25',1);
/*!40000 ALTER TABLE `encuesta` ENABLE KEYS */;
UNLOCK TABLES;

--
-- Table structure for table `historial_panel`
--

DROP TABLE IF EXISTS `historial_panel`;
/*!40101 SET @saved_cs_client     = @@character_set_client */;
/*!40101 SET character_set_client = utf8 */;
CREATE TABLE `historial_panel` (
  `cve_historial` int(11) NOT NULL AUTO_INCREMENT,
  `pin` varchar(10) NOT NULL,
  `fecha` date DEFAULT NULL,
  `hora` time DEFAULT NULL,
  `ip` varchar(150) DEFAULT NULL,
  PRIMARY KEY (`cve_historial`)
) ENGINE=InnoDB AUTO_INCREMENT=34 DEFAULT CHARSET=latin1;
/*!40101 SET character_set_client = @saved_cs_client */;

--
-- Dumping data for table `historial_panel`
--

LOCK TABLES `historial_panel` WRITE;
/*!40000 ALTER TABLE `historial_panel` DISABLE KEYS */;
INSERT INTO `historial_panel` (`cve_historial`, `pin`, `fecha`, `hora`, `ip`) VALUES (1,'irving','2019-02-07','18:13:11','::1'),(2,'irving','2019-02-08','11:06:01','::1'),(3,'irving','2019-02-08','11:08:04','::1'),(4,'daniel','2019-02-08','12:31:04','187.188.40.200'),(5,'irving','2019-02-11','10:02:44','187.188.40.200'),(6,'daniel','2019-02-11','10:45:47','187.188.40.200'),(7,'irving','2019-02-11','13:18:03','::1'),(8,'daniel','2019-02-11','17:35:21','187.188.40.200'),(9,'daniel','2019-02-12','17:23:52','200.188.149.90'),(10,'daniel','2019-02-12','17:24:01','187.188.40.200'),(11,'irving','2019-02-12','18:31:31','187.188.40.200'),(12,'ali','2019-02-12','18:40:30','187.188.40.200'),(13,'irving','2019-02-13','14:13:35','187.188.40.200'),(14,'irving','2019-03-04','12:27:24','189.208.126.118'),(15,'daniel','2019-04-05','16:06:52','187.188.40.200'),(16,'daniel','2019-04-08','12:09:19','187.188.40.200'),(17,'irving','2019-04-08','12:30:25','187.210.230.39'),(18,'irving','2019-04-08','12:30:43','187.210.230.39'),(19,'irving','2019-04-08','12:37:24','187.188.40.200'),(20,'irving','2019-04-08','12:37:44','187.188.40.200'),(21,'daniel','2019-04-16','11:21:33','189.208.126.118'),(22,'daniel','2019-04-16','11:21:46','189.208.126.118'),(23,'irving','2019-04-16','11:21:47','189.208.126.118'),(24,'irving','2019-04-16','11:22:13','189.208.126.118'),(25,'daniel','2019-04-16','11:27:57','189.208.126.118'),(26,'daniel','2019-04-16','11:49:00','189.208.126.118'),(27,'daniel','2019-04-16','11:49:07','189.208.126.118'),(31,'irving','2019-07-04','14:17:54','189.205.204.70'),(32,'irving','2019-07-04','14:18:03','189.205.204.70'),(33,'irving','2019-11-19','17:10:48','189.213.54.79');
/*!40000 ALTER TABLE `historial_panel` ENABLE KEYS */;
UNLOCK TABLES;

--
-- Table structure for table `preguntas`
--

DROP TABLE IF EXISTS `preguntas`;
/*!40101 SET @saved_cs_client     = @@character_set_client */;
/*!40101 SET character_set_client = utf8 */;
CREATE TABLE `preguntas` (
  `cve_pregunta` int(11) NOT NULL AUTO_INCREMENT,
  `cve_encuesta` varchar(10) NOT NULL,
  `cod_pregunta` varchar(10) NOT NULL,
  `pregunta` varchar(200) NOT NULL,
  `fechaalta` date DEFAULT NULL,
  `activo` tinyint(1) unsigned DEFAULT '1',
  `extra` tinyint(1) unsigned DEFAULT '0',
  `grupo` varchar(100) DEFAULT '-',
  PRIMARY KEY (`cve_pregunta`),
  UNIQUE KEY `cod_pregunta` (`cod_pregunta`),
  KEY `Pregunta_Encuesta` (`cve_encuesta`),
  CONSTRAINT `Pregunta_Encuesta` FOREIGN KEY (`cve_encuesta`) REFERENCES `encuesta` (`cve_encuesta`) ON UPDATE CASCADE
) ENGINE=InnoDB AUTO_INCREMENT=12 DEFAULT CHARSET=latin1;
/*!40101 SET character_set_client = @saved_cs_client */;

--
-- Dumping data for table `preguntas`
--

LOCK TABLES `preguntas` WRITE;
/*!40000 ALTER TABLE `preguntas` DISABLE KEYS */;
INSERT INTO `preguntas` (`cve_pregunta`, `cve_encuesta`, `cod_pregunta`, `pregunta`, `fechaalta`, `activo`, `extra`, `grupo`) VALUES (1,'ENC2019','P1','Por qu medio se enter de nosotros?','2019-01-24',1,0,'ATENCIN Y SERVICIO'),(2,'ENC2019','P2','Cmo considera la atencin y el servicio brindado por el asesor de ventas?','2019-01-24',1,0,'ATENCIN Y SERVICIO'),(3,'ENC2019','P3','Cmo califica el  tiempo en que se le dio respuesta a sus solicitudes?','2019-01-24',1,0,'ATENCIN Y SERVICIO'),(4,'ENC2019','P4','Cmo califica nuestros tiempos de entrega comparados con los de la competencia?','2019-01-24',1,0,'ATENCIN Y SERVICIO'),(5,'ENC2019','P5','En general, Cmo considera que fue su experiencia de compra?','2019-01-24',1,0,'ATENCIN Y SERVICIO'),(6,'ENC2019','P6','En qu nivel los productos y/o  servicios adquiridos cumplieron sus requerimientos de calidad?','2019-01-24',1,0,'PRODUCTOS Y SERVICIOS'),(7,'ENC2019','P7','Cmo califica las condiciones de embalaje de los productos?','2019-01-24',1,0,'PRODUCTOS Y SERVICIOS'),(8,'ENC2019','P8','Cmo califica la relacin calidad-precio al que adquiri sus productos?','2019-01-24',1,0,'PRODUCTOS Y SERVICIOS'),(9,'ENC2019','P9','En qu nivel la documentacin soporte de los productos cumple con sus requerimientos?','2019-01-24',1,0,'PRODUCTOS Y SERVICIOS'),(10,'ENC2019','P10','Cmo califica la capacidad de la empresa para satisfacer sus necesidades de compra?','2019-01-24',1,0,'PRODUCTOS Y SERVICIOS'),(11,'ENC2019','P11','Qu podriamos mejorar para hacer tu experiencia de compra mas satisfactoria?','2019-01-24',1,0,'APORTACIONES PARA MEJORAR');
/*!40000 ALTER TABLE `preguntas` ENABLE KEYS */;
UNLOCK TABLES;

--
-- Table structure for table `preguntas_opciones`
--

DROP TABLE IF EXISTS `preguntas_opciones`;
/*!40101 SET @saved_cs_client     = @@character_set_client */;
/*!40101 SET character_set_client = utf8 */;
CREATE TABLE `preguntas_opciones` (
  `cve_opciones` int(11) NOT NULL AUTO_INCREMENT,
  `cod_pregunta` varchar(10) NOT NULL,
  `opcion` varchar(200) NOT NULL,
  `tipo` enum('radio','checkbox','text') DEFAULT 'radio',
  `imagen` varchar(200) NOT NULL DEFAULT '-',
  `tipoimg` varchar(10) DEFAULT 'png',
  `activo` tinyint(1) DEFAULT '1',
  `ponderacion` int(10) unsigned DEFAULT '0',
  PRIMARY KEY (`cve_opciones`)
) ENGINE=MyISAM AUTO_INCREMENT=51 DEFAULT CHARSET=latin1;
/*!40101 SET character_set_client = @saved_cs_client */;

--
-- Dumping data for table `preguntas_opciones`
--

LOCK TABLES `preguntas_opciones` WRITE;
/*!40000 ALTER TABLE `preguntas_opciones` DISABLE KEYS */;
INSERT INTO `preguntas_opciones` (`cve_opciones`, `cod_pregunta`, `opcion`, `tipo`, `imagen`, `tipoimg`, `activo`, `ponderacion`) VALUES (1,'P1','Pgina Web','radio','-','-',1,0),(2,'P1','Recomendacin','radio','-','-',1,0),(3,'P1','Publicidad','radio','-','-',1,0),(4,'P1','Prospeccin','radio','-','-',1,0),(5,'P2','Inaceptable','radio','-','-',1,1),(6,'P2','Aceptable','radio','-','-',1,2),(7,'P2','Satisfactorio','radio','-','-',1,3),(8,'P2','Bueno','radio','-','-',1,4),(9,'P2','Excelente','radio','-','-',1,5),(10,'P3','Inaceptable','radio','-','-',1,1),(11,'P3','Aceptable','radio','-','-',1,2),(12,'P3','Satisfactorio','radio','-','-',1,3),(13,'P3','Bueno','radio','-','-',1,4),(14,'P3','Excelente','radio','-','-',1,5),(15,'P4','Inaceptable','radio','-','-',1,1),(16,'P4','Aceptable','radio','-','-',1,2),(17,'P4','Satisfactorio','radio','-','-',1,3),(18,'P4','Bueno','radio','-','-',1,4),(19,'P4','Excelente','radio','-','-',1,5),(20,'P5','Inaceptable','radio','-','-',1,1),(21,'P5','Aceptable','radio','-','-',1,2),(22,'P5','Satisfactorio','radio','-','-',1,3),(23,'P5','Bueno','radio','-','-',1,4),(24,'P5','Excelente','radio','-','-',1,5),(25,'P6','Inaceptable','radio','-','-',1,1),(26,'P6','Aceptable','radio','-','-',1,2),(27,'P6','Satisfactorio','radio','-','-',1,3),(28,'P6','Bueno','radio','-','-',1,4),(29,'P6','Excelente','radio','-','-',1,5),(30,'P7','Inaceptable','radio','-','-',1,1),(31,'P7','Aceptable','radio','-','-',1,2),(32,'P7','Satisfactorio','radio','-','-',1,3),(33,'P7','Bueno','radio','-','-',1,4),(34,'P7','Excelente','radio','-','-',1,5),(35,'P8','Inaceptable','radio','-','-',1,1),(36,'P8','Aceptable','radio','-','-',1,2),(37,'P8','Satisfactorio','radio','-','-',1,3),(38,'P8','Bueno','radio','-','-',1,4),(39,'P8','Excelente','radio','-','-',1,5),(40,'P9','Inaceptable','radio','-','-',1,1),(41,'P9','Aceptable','radio','-','-',1,2),(42,'P9','Satisfactorio','radio','-','-',1,3),(43,'P9','Bueno','radio','-','-',1,4),(44,'P9','Excelente','radio','-','-',1,5),(45,'P10','Inaceptable','radio','-','-',1,1),(46,'P10','Aceptable','radio','-','-',1,2),(47,'P10','Satisfactorio','radio','Omar Aranda','-',1,3),(48,'P10','Bueno','radio','','-',1,4),(49,'P10','Excelente','radio','','-',1,5),(50,'P11','-','text','Qu podriamos mejorar para hacer tu experiencia de compra mas satisfactoria','-',1,0);
/*!40000 ALTER TABLE `preguntas_opciones` ENABLE KEYS */;
UNLOCK TABLES;

--
-- Table structure for table `respuestas`
--

DROP TABLE IF EXISTS `respuestas`;
/*!40101 SET @saved_cs_client     = @@character_set_client */;
/*!40101 SET character_set_client = utf8 */;
CREATE TABLE `respuestas` (
  `cve_respuesta` int(11) NOT NULL AUTO_INCREMENT,
  `cve_encuesta` varchar(10) DEFAULT NULL,
  `clave` varchar(10) NOT NULL DEFAULT '',
  `cod_pregunta` varchar(10) DEFAULT NULL,
  `opcion` varchar(200) DEFAULT NULL,
  `sucursal` varchar(50) DEFAULT NULL,
  `factura` varchar(50) DEFAULT NULL,
  `fecharespuesta` date DEFAULT NULL,
  `horarespuesta` time DEFAULT '00:00:00',
  `origen` varchar(10) DEFAULT '-',
  `ip` varchar(30) DEFAULT NULL,
  `why` text,
  `example` text,
  `empresa` varchar(150) DEFAULT '-',
  `quienrealiza` varchar(150) DEFAULT '-',
  `telefono` varchar(15) DEFAULT '-',
  `correo` varchar(100) DEFAULT '-',
  PRIMARY KEY (`cve_respuesta`)
) ENGINE=InnoDB DEFAULT CHARSET=latin1 ROW_FORMAT=DYNAMIC;
/*!40101 SET character_set_client = @saved_cs_client */;

--
-- Dumping data for table `respuestas`
--

LOCK TABLES `respuestas` WRITE;
/*!40000 ALTER TABLE `respuestas` DISABLE KEYS */;
/*!40000 ALTER TABLE `respuestas` ENABLE KEYS */;
UNLOCK TABLES;

--
-- Table structure for table `sociedades`
--

DROP TABLE IF EXISTS `sociedades`;
/*!40101 SET @saved_cs_client     = @@character_set_client */;
/*!40101 SET character_set_client = utf8 */;
CREATE TABLE `sociedades` (
  `cve_sociedad` varchar(50) NOT NULL,
  `descripcion` varchar(100) NOT NULL DEFAULT '-',
  `activo` tinyint(1) DEFAULT '1',
  PRIMARY KEY (`cve_sociedad`)
) ENGINE=InnoDB DEFAULT CHARSET=latin1;
/*!40101 SET character_set_client = @saved_cs_client */;

--
-- Dumping data for table `sociedades`
--

LOCK TABLES `sociedades` WRITE;
/*!40000 ALTER TABLE `sociedades` DISABLE KEYS */;
INSERT INTO `sociedades` (`cve_sociedad`, `descripcion`, `activo`) VALUES ('ARANDAS','ARANDAS',1),('AUTLAN','AUTLAN',1),('AYOTLAN','AYOTLAN',1),('BAJIO','BAJIO',1),('DAO','DAO',1),('GAO','GAO',1),('IMPORTADORA','IMPORTADORA',1),('IXTAPA','IXTAPA',1),('LAMINAS_DEL_NORTE','LAMINAS DEL NORTE',1),('LA_CIENEGA','LA CIENEGA',1),('LOS_ALTOS','LOS ALTOS',1),('MUCHA_LAMINA','MUCHA LAMINA',1),('PACIFICO','PACIFICO',1),('PEGA','PEGA',1),('SAABSA','SAABSA',1),('TEPA','TEPA',1),('TIJUANA','TIJUANA',1),('ZULA','ZULA',1);
/*!40000 ALTER TABLE `sociedades` ENABLE KEYS */;
UNLOCK TABLES;

--
-- Table structure for table `sucursales`
--

DROP TABLE IF EXISTS `sucursales`;
/*!40101 SET @saved_cs_client     = @@character_set_client */;
/*!40101 SET character_set_client = utf8 */;
CREATE TABLE `sucursales` (
  `cve_sucursal` varchar(10) NOT NULL,
  `descripcion` varchar(100) NOT NULL,
  `cve_sociedad` varchar(50) NOT NULL,
  `activo` tinyint(1) DEFAULT '1',
  PRIMARY KEY (`cve_sucursal`),
  KEY `cve_sociedad` (`cve_sociedad`),
  CONSTRAINT `sucursales_ibfk_1` FOREIGN KEY (`cve_sociedad`) REFERENCES `sociedades` (`cve_sociedad`) ON DELETE NO ACTION ON UPDATE CASCADE
) ENGINE=InnoDB DEFAULT CHARSET=latin1;
/*!40101 SET character_set_client = @saved_cs_client */;

--
-- Dumping data for table `sucursales`
--

LOCK TABLES `sucursales` WRITE;
/*!40000 ALTER TABLE `sucursales` DISABLE KEYS */;
INSERT INTO `sucursales` (`cve_sucursal`, `descripcion`, `cve_sociedad`, `activo`) VALUES ('03-01','CEDI TIJUANA','TIJUANA',1),('03-02','5 Y 10','TIJUANA',1),('03-03','JARDIN DORADO','TIJUANA',1),('03-04','MEXICALI','TIJUANA',1),('03-05','ENSENADA','TIJUANA',1),('04-01','COMERCIALIZADORA LN','LAMINAS_DEL_NORTE',1),('04-02','MAQUILA LN','LAMINAS_DEL_NORTE',1),('04-03','COMERCIALIZADORA LS/PM','LAMINAS_DEL_NORTE',1),('04-04','MAQUILA LS/PM','LAMINAS_DEL_NORTE',1),('05-01','DAO MATRIZ','DAO',1),('05-02','CAOSA','DAO',1),('05-04','SAHUAYO','DAO',1),('05-05','PONCITLAN','DAO',1),('05-06','LA BARCA','DAO',1),('05-11','MADERO','DAO',1),('05-12','MORELIA','DAO',1),('05-13','LA PIEDAD','DAO',1),('05-14','LAZARO CARDENAS','DAO',1),('05-15','ECONOMICOS','DAO',1),('06-05','TEPIC','PACIFICO',1),('06-06','AJIJIC','PACIFICO',1),('06-07','ACATLAN','PACIFICO',1),('06-08','AOP CHAPALA','PACIFICO',1),('06-10','AOP AUTLAN','PACIFICO',1),('06-11','AOP IXTLAN','PACIFICO',1),('06-12','HERMOSILLO','PACIFICO',1),('06-13','AEROPUERTO','PACIFICO',1),('07-01','SAABSA','SAABSA',1),('08-01','ATOTONILCO','BAJIO',1),('08-02','AOB EL 14','BAJIO',1),('08-03','AOB LAGOS DE MORENO','BAJIO',1),('08-04','PATRIA','BAJIO',1),('08-05','CIRCUNVALACION','BAJIO',1),('08-06','ZAPOTLANEJO','BAJIO',1),('08-07','EL MIRADOR','BAJIO',1),('09-01','LOS ALTOS','LOS_ALTOS',1),('09-02','JESUS MARIA','LOS_ALTOS',1),('09-03','SAN FRANCISCO','LOS_ALTOS',1),('09-04','ALTOS ARANDAS','LOS_ALTOS',1),('10-01','TEPA - PRIMERAS','TEPA',1),('10-02','TEPA - SEGUNDAS','TEPA',1),('10-03','TEPA - ALMACEN 5','TEPA',1),('11-01','AYOTLAN','AYOTLAN',1),('11-02','DEGOLLADO','AYOTLAN',1),('12-01','ARANDAS','ARANDAS',1),('13-01','CEDI IXTAPA','IXTAPA',1),('13-02','VALLARTA','IXTAPA',1),('13-03','PITILLAL','IXTAPA',1),('13-04','BUCERIAS','IXTAPA',1),('14-01','MUCHA LAMINA','MUCHA_LAMINA',1),('15-01','ACEROS ECONOMICOS','LA_CIENEGA',1),('15-02','TATEPOSCO','LA_CIENEGA',1),('15-03','TONALA','LA_CIENEGA',1),('15-04','JAUJA','LA_CIENEGA',1),('15-05','LOPEZ CIENEGA','LA_CIENEGA',1),('15-50','CONSIGNACION BOD07','LA_CIENEGA',1),('16-01','CARRETERA MORELIA','AUTLAN',1),('16-02','LOPEZ MATEOS','AUTLAN',1),('16-03','COCULA','AUTLAN',1),('16-04','CIUDAD GUZMAN','AUTLAN',1),('16-05','PATRIA','AUTLAN',1),('16-06','CIRCUNVALACION','AUTLAN',1),('16-07','EL SALTO','AUTLAN',1),('16-08','TESISTAN','AUTLAN',1),('16-99','AUTLAN','AUTLAN',1),('18-01','GAO MATRIZ','GAO',1),('18-02','GAO EXPRES','GAO',1),('18-03','GAO CENTRO DE SERVICIO','GAO',1),('18-04','GAO MAQUILA','GAO',1),('20-01','IMPORTADORA','IMPORTADORA',1),('22-01','SANTA MARIA','PEGA',1);
/*!40000 ALTER TABLE `sucursales` ENABLE KEYS */;
UNLOCK TABLES;

--
-- Table structure for table `usuarios_panel`
--

DROP TABLE IF EXISTS `usuarios_panel`;
/*!40101 SET @saved_cs_client     = @@character_set_client */;
/*!40101 SET character_set_client = utf8 */;
CREATE TABLE `usuarios_panel` (
  `cve_usuario` int(11) NOT NULL AUTO_INCREMENT,
  `nombre` varchar(100) NOT NULL,
  `usuario` varchar(30) DEFAULT NULL,
  `correo` varchar(100) NOT NULL,
  `clave` varchar(200) NOT NULL,
  `area` varchar(30) DEFAULT NULL,
  `fechaalta` datetime DEFAULT NULL,
  `ultimoacceso` datetime DEFAULT NULL,
  `activo` tinyint(1) DEFAULT '1',
  PRIMARY KEY (`cve_usuario`)
) ENGINE=MyISAM AUTO_INCREMENT=6 DEFAULT CHARSET=latin1;
/*!40101 SET character_set_client = @saved_cs_client */;

--
-- Dumping data for table `usuarios_panel`
--

LOCK TABLES `usuarios_panel` WRITE;
/*!40000 ALTER TABLE `usuarios_panel` DISABLE KEYS */;
INSERT INTO `usuarios_panel` (`cve_usuario`, `nombre`, `usuario`, `correo`, `clave`, `area`, `fechaalta`, `ultimoacceso`, `activo`) VALUES (1,'Irving Lemus','irving','irving.lemus@acerosocotlan.mx','41e01f746ab5fcf05ed8be1d738bd405','Sistemas','2018-02-01 00:00:00','2019-11-19 17:10:48',1),(2,'Daniel Perez','daniel','daniel.perez@acerosocotlan.mx','01cfcd4f6b8770febfb40cb906715822','Procesos','2019-01-28 12:45:00','2019-04-16 11:49:07',1),(3,'Ali Gonzalez','ali','ali.gonzalez@acerosocotlan.mx','c6ab20a23bdd889713e6a39e85e2dcbb','Calidad','2019-02-12 17:35:00','2019-06-12 09:51:00',1),(4,'Osiel Rios','osiel','osiel.rios@acerosocotlaln.mx','81284046a64004b0ec4f4319dd705f64','Gerente Ventas','2019-02-12 17:35:00','2019-06-12 09:54:02',1),(5,' Ysaias Urbina','ysaias','gerente.ventasldn@acerosocotlan.mx','d6f0f22631b17dd0ec1d4a0f0c260236','Gerente Ventas','2019-04-05 16:15:00',NULL,1);
/*!40000 ALTER TABLE `usuarios_panel` ENABLE KEYS */;
UNLOCK TABLES;

--
-- Dumping events for database 'acerosoc_acerosocotlan_iso9000'
--

--
-- Dumping routines for database 'acerosoc_acerosocotlan_iso9000'
--
/*!40103 SET TIME_ZONE=@OLD_TIME_ZONE */;

/*!40101 SET SQL_MODE=@OLD_SQL_MODE */;
/*!40014 SET FOREIGN_KEY_CHECKS=@OLD_FOREIGN_KEY_CHECKS */;
/*!40014 SET UNIQUE_CHECKS=@OLD_UNIQUE_CHECKS */;
/*!40101 SET CHARACTER_SET_CLIENT=@OLD_CHARACTER_SET_CLIENT */;
/*!40101 SET CHARACTER_SET_RESULTS=@OLD_CHARACTER_SET_RESULTS */;
/*!40101 SET COLLATION_CONNECTION=@OLD_COLLATION_CONNECTION */;
/*!40111 SET SQL_NOTES=@OLD_SQL_NOTES */;

-- Dump completed on 2019-12-05 10:49:45
